pod,timestamp,value
kube-apiserver-kubernetes-1,1715844337.407,0.2998605504843588
kube-apiserver-kubernetes-1,1715844338.407,0.2998605504843588
kube-apiserver-kubernetes-1,1715844339.407,0.2998605504843588
kube-apiserver-kubernetes-1,1715844340.407,0.2998605504843588
kube-apiserver-kubernetes-1,1715844341.407,0.2998605504843588
kube-apiserver-kubernetes-1,1715844342.407,0.2998605504843588
kube-apiserver-kubernetes-1,1715844343.407,0.2998605504843588
kube-apiserver-kubernetes-1,1715844344.407,0.2998605504843588
kube-apiserver-kubernetes-1,1715844345.407,0.2998605504843588
kube-apiserver-kubernetes-1,1715844346.407,0.2998605504843588
kube-apiserver-kubernetes-1,1715844347.407,0.29530282912230943
kube-apiserver-kubernetes-1,1715844348.407,0.29505192542808023
kube-apiserver-kubernetes-1,1715844349.407,0.284500543187495
kube-apiserver-kubernetes-1,1715844350.407,0.28475420348010705
kube-apiserver-kubernetes-1,1715844351.407,0.28500786377271914
kube-apiserver-kubernetes-1,1715844352.407,0.2852615240653311
kube-apiserver-kubernetes-1,1715844353.407,0.2855151843579432
kube-apiserver-kubernetes-1,1715844354.407,0.28576884465055524
kube-apiserver-kubernetes-1,1715844355.407,0.2891772175919415
kube-apiserver-kubernetes-1,1715844356.407,0.29402631457565953
kube-apiserver-kubernetes-1,1715844357.407,0.2937745184668711
kube-apiserver-kubernetes-1,1715844358.407,0.30573006630977073
kube-apiserver-kubernetes-1,1715844359.407,0.30573006630977073
kube-apiserver-kubernetes-1,1715844360.407,0.30573006630977073
kube-apiserver-kubernetes-1,1715844361.407,0.30573006630977073
kube-apiserver-kubernetes-1,1715844362.407,0.30573006630977073
kube-apiserver-kubernetes-1,1715844363.407,0.30573006630977073
kube-apiserver-kubernetes-1,1715844364.407,0.30573006630977073
kube-apiserver-kubernetes-1,1715844365.407,0.30573006630977073
kube-apiserver-kubernetes-1,1715844366.407,0.30573006630977073
kube-apiserver-kubernetes-1,1715844367.407,0.30573006630977073
kube-apiserver-kubernetes-1,1715844368.407,0.30573006630977073
kube-apiserver-kubernetes-1,1715844369.407,0.30573006630977073
kube-apiserver-kubernetes-1,1715844370.407,0.30573006630977073
kube-apiserver-kubernetes-1,1715844371.407,0.30573006630977073
kube-apiserver-kubernetes-1,1715844372.407,0.30573006630977073
kube-apiserver-kubernetes-1,1715844373.407,0.30573006630977073
kube-apiserver-kubernetes-1,1715844374.407,0.30573006630977073
kube-apiserver-kubernetes-1,1715844375.407,0.30573006630977073
kube-apiserver-kubernetes-1,1715844376.407,0.30573006630977073
kube-apiserver-kubernetes-1,1715844377.407,0.30573006630977073
kube-apiserver-kubernetes-1,1715844378.407,0.30573006630977073
kube-apiserver-kubernetes-1,1715844379.407,0.30573006630977073
kube-apiserver-kubernetes-1,1715844380.407,0.30573006630977073
kube-apiserver-kubernetes-1,1715844381.407,0.29823926425912395
kube-apiserver-kubernetes-1,1715844382.407,0.2984939867575666
kube-apiserver-kubernetes-1,1715844383.407,0.2987487092560093
kube-apiserver-kubernetes-1,1715844384.407,0.299003431754452
kube-apiserver-kubernetes-1,1715844385.407,0.2992581542528947
kube-apiserver-kubernetes-1,1715844386.407,0.2995128767513374
kube-apiserver-kubernetes-1,1715844387.407,0.2997675992497801
kube-apiserver-kubernetes-1,1715844388.407,0.3000223217482228
kube-apiserver-kubernetes-1,1715844389.407,0.3008884745364315
kube-apiserver-kubernetes-1,1715844390.407,0.29982250946064154
kube-apiserver-kubernetes-1,1715844391.407,0.3043898561150908
kube-apiserver-kubernetes-1,1715844392.407,0.3043898561150908
kube-apiserver-kubernetes-1,1715844393.407,0.3043898561150908
kube-apiserver-kubernetes-1,1715844394.407,0.3043898561150908
kube-apiserver-kubernetes-1,1715844395.407,0.3043898561150908
kube-apiserver-kubernetes-1,1715844396.407,0.3043898561150908
kube-apiserver-kubernetes-1,1715844397.407,0.3043898561150908
kube-apiserver-kubernetes-1,1715844398.407,0.3043898561150908
kube-apiserver-kubernetes-1,1715844399.407,0.3043898561150908
kube-apiserver-kubernetes-1,1715844400.407,0.3043898561150908
kube-apiserver-kubernetes-1,1715844401.407,0.3043898561150908
kube-apiserver-kubernetes-1,1715844402.407,0.3043898561150908
kube-apiserver-kubernetes-1,1715844403.407,0.3043898561150908
kube-apiserver-kubernetes-1,1715844404.407,0.3043898561150908
kube-apiserver-kubernetes-1,1715844405.407,0.3043898561150908
kube-apiserver-kubernetes-1,1715844406.407,0.3043898561150908
kube-apiserver-kubernetes-1,1715844407.407,0.2981316094254666
kube-apiserver-kubernetes-1,1715844408.407,0.29838495603802356
kube-apiserver-kubernetes-1,1715844409.407,0.2986383026505805
kube-apiserver-kubernetes-1,1715844410.407,0.29889164926313744
kube-apiserver-kubernetes-1,1715844411.407,0.2991449958756943
kube-apiserver-kubernetes-1,1715844412.407,0.29939834248825126
kube-apiserver-kubernetes-1,1715844413.407,0.30114344297076323
kube-apiserver-kubernetes-1,1715844414.407,0.3013997139597626
kube-apiserver-kubernetes-1,1715844415.407,0.3062419221870838
kube-apiserver-kubernetes-1,1715844416.407,0.3062419221870838
kube-apiserver-kubernetes-1,1715844417.407,0.3062419221870838
kube-apiserver-kubernetes-1,1715844418.407,0.30706602016071843
kube-apiserver-kubernetes-1,1715844419.407,0.30706602016071843
kube-apiserver-kubernetes-1,1715844420.407,0.30706602016071843
kube-apiserver-kubernetes-1,1715844421.407,0.30706602016071843
kube-apiserver-kubernetes-1,1715844422.407,0.30706602016071843
kube-apiserver-kubernetes-1,1715844423.407,0.3067020678542455
kube-apiserver-kubernetes-1,1715844424.407,0.3067020678542455
kube-apiserver-kubernetes-1,1715844425.407,0.3067020678542455
kube-apiserver-kubernetes-1,1715844426.407,0.3067020678542455
kube-apiserver-kubernetes-1,1715844427.407,0.3067020678542455
kube-apiserver-kubernetes-1,1715844428.407,0.3067020678542455
kube-apiserver-kubernetes-1,1715844429.407,0.3067020678542455
kube-apiserver-kubernetes-1,1715844430.407,0.3067020678542455
kube-apiserver-kubernetes-1,1715844431.407,0.3067020678542455
kube-apiserver-kubernetes-1,1715844432.407,0.3067020678542455
kube-apiserver-kubernetes-1,1715844433.407,0.3067020678542455
kube-apiserver-kubernetes-1,1715844434.407,0.3067020678542455
kube-apiserver-kubernetes-1,1715844435.407,0.3067020678542455
kube-apiserver-kubernetes-1,1715844436.407,0.3067020678542455
kube-apiserver-kubernetes-1,1715844437.407,0.3067020678542455
kube-apiserver-kubernetes-1,1715844438.407,0.3067020678542455
kube-apiserver-kubernetes-1,1715844439.407,0.3067020678542455
kube-apiserver-kubernetes-1,1715844440.407,0.3028918056003559
kube-apiserver-kubernetes-1,1715844441.407,0.3028918056003559
kube-apiserver-kubernetes-1,1715844442.407,0.3028918056003559
kube-apiserver-kubernetes-1,1715844443.407,0.3028918056003559
kube-apiserver-kubernetes-1,1715844444.407,0.3028918056003559
kube-apiserver-kubernetes-1,1715844445.407,0.3028918056003559
kube-apiserver-kubernetes-1,1715844446.407,0.3028918056003559
kube-apiserver-kubernetes-1,1715844447.407,0.3028918056003559
kube-apiserver-kubernetes-1,1715844448.407,0.29919773730074206
kube-apiserver-kubernetes-1,1715844449.407,0.29919773730074206
kube-apiserver-kubernetes-1,1715844450.407,0.2965063837791293
kube-apiserver-kubernetes-1,1715844451.407,0.2965063837791293
kube-apiserver-kubernetes-1,1715844452.407,0.2965063837791293
kube-apiserver-kubernetes-1,1715844453.407,0.2965063837791293
kube-apiserver-kubernetes-1,1715844454.407,0.2965063837791293
kube-apiserver-kubernetes-1,1715844455.407,0.2965063837791293
kube-apiserver-kubernetes-1,1715844456.407,0.2965063837791293
kube-apiserver-kubernetes-1,1715844457.407,0.2965063837791293
kube-apiserver-kubernetes-1,1715844458.407,0.2965063837791293
kube-apiserver-kubernetes-1,1715844459.407,0.2965063837791293
kube-apiserver-kubernetes-1,1715844460.407,0.2965063837791293
kube-apiserver-kubernetes-1,1715844461.407,0.2965063837791293
kube-apiserver-kubernetes-1,1715844462.407,0.2965063837791293
kube-apiserver-kubernetes-1,1715844463.407,0.2965063837791293
kube-apiserver-kubernetes-1,1715844464.407,0.2970914432144604
kube-apiserver-kubernetes-1,1715844465.407,0.2970914432144604
kube-apiserver-kubernetes-1,1715844466.407,0.2970914432144604
kube-apiserver-kubernetes-1,1715844467.407,0.2970914432144604
kube-apiserver-kubernetes-1,1715844468.407,0.2970914432144604
kube-apiserver-kubernetes-1,1715844469.407,0.2970914432144604
kube-apiserver-kubernetes-1,1715844470.407,0.2970914432144604
kube-apiserver-kubernetes-1,1715844471.407,0.2970914432144604
kube-apiserver-kubernetes-1,1715844472.407,0.3001156210110669
kube-apiserver-kubernetes-1,1715844473.407,0.3001156210110669
kube-apiserver-kubernetes-1,1715844474.407,0.3001156210110669
kube-apiserver-kubernetes-1,1715844475.407,0.3001156210110669
kube-apiserver-kubernetes-1,1715844476.407,0.3001156210110669
kube-apiserver-kubernetes-1,1715844477.407,0.3001156210110669
kube-apiserver-kubernetes-1,1715844478.407,0.3001156210110669
kube-apiserver-kubernetes-1,1715844479.407,0.3001156210110669
kube-apiserver-kubernetes-1,1715844480.407,0.30334171380515973
kube-apiserver-kubernetes-1,1715844481.407,0.30334171380515973
kube-apiserver-kubernetes-1,1715844482.407,0.3041629550909883
kube-apiserver-kubernetes-1,1715844483.407,0.3041629550909883
kube-apiserver-kubernetes-1,1715844484.407,0.3041629550909883
kube-apiserver-kubernetes-1,1715844485.407,0.3041629550909883
kube-apiserver-kubernetes-1,1715844486.407,0.3041629550909883
kube-apiserver-kubernetes-1,1715844487.407,0.3041629550909883
kube-apiserver-kubernetes-1,1715844488.407,0.3041629550909883
kube-apiserver-kubernetes-1,1715844489.407,0.3041629550909883
kube-apiserver-kubernetes-1,1715844490.407,0.3041629550909883
kube-apiserver-kubernetes-1,1715844491.407,0.3041629550909883
kube-apiserver-kubernetes-1,1715844492.407,0.2958574246706912
kube-apiserver-kubernetes-1,1715844493.407,0.2961097771590595
kube-apiserver-kubernetes-1,1715844494.407,0.29636212964742786
kube-apiserver-kubernetes-1,1715844495.407,0.2921668440410915
kube-apiserver-kubernetes-1,1715844496.407,0.2921674553043457
kube-apiserver-kubernetes-1,1715844497.407,0.29216806656759986
kube-apiserver-kubernetes-1,1715844498.407,0.292168677830854
kube-apiserver-kubernetes-1,1715844499.407,0.29216928909410816
kube-apiserver-kubernetes-1,1715844500.407,0.2921699003573623
kube-apiserver-kubernetes-1,1715844501.407,0.29217051162061647
kube-apiserver-kubernetes-1,1715844502.407,0.29217112288387065
kube-apiserver-kubernetes-1,1715844503.407,0.2921717341471248
kube-apiserver-kubernetes-1,1715844504.407,0.28769830043313643
kube-apiserver-kubernetes-1,1715844505.407,0.29355563463068174
kube-apiserver-kubernetes-1,1715844506.407,0.2933038934055676
kube-apiserver-kubernetes-1,1715844507.407,0.291125887066783
kube-apiserver-kubernetes-1,1715844508.407,0.2908777364987787
kube-apiserver-kubernetes-1,1715844509.407,0.2906295859307743
kube-apiserver-kubernetes-1,1715844510.407,0.30111107383780644
kube-apiserver-kubernetes-1,1715844511.407,0.30111107383780644
kube-apiserver-kubernetes-1,1715844512.407,0.3002713123227489
kube-apiserver-kubernetes-1,1715844513.407,0.3002713123227489
kube-apiserver-kubernetes-1,1715844514.407,0.3002713123227489
kube-apiserver-kubernetes-1,1715844515.407,0.3002713123227489
kube-apiserver-kubernetes-1,1715844516.407,0.3002713123227489
kube-apiserver-kubernetes-1,1715844517.407,0.3002713123227489
kube-apiserver-kubernetes-1,1715844518.407,0.3002713123227489
kube-apiserver-kubernetes-1,1715844519.407,0.3002713123227489
kube-apiserver-kubernetes-1,1715844520.407,0.3002713123227489
kube-apiserver-kubernetes-1,1715844521.407,0.3002713123227489
kube-apiserver-kubernetes-1,1715844522.407,0.3002713123227489
kube-apiserver-kubernetes-1,1715844523.407,0.3002713123227489
kube-apiserver-kubernetes-1,1715844524.407,0.3002713123227489
kube-apiserver-kubernetes-1,1715844525.407,0.3002713123227489
kube-apiserver-kubernetes-1,1715844526.407,0.30027131232274884
kube-apiserver-kubernetes-1,1715844527.407,0.30027131232274884
kube-apiserver-kubernetes-1,1715844528.407,0.30027131232274884
kube-apiserver-kubernetes-1,1715844529.407,0.30027131232274884
kube-apiserver-kubernetes-1,1715844530.407,0.30027131232274884
kube-apiserver-kubernetes-1,1715844531.407,0.30027131232274884
kube-apiserver-kubernetes-1,1715844532.407,0.30027131232274884
kube-apiserver-kubernetes-1,1715844533.407,0.30027131232274884
kube-apiserver-kubernetes-1,1715844534.407,0.30325349760241227
kube-apiserver-kubernetes-1,1715844535.407,0.30862774396233306
kube-apiserver-kubernetes-1,1715844536.407,0.30862774396233306
kube-apiserver-kubernetes-1,1715844537.407,0.31076593123478946
kube-apiserver-kubernetes-1,1715844538.407,0.31076593123478946
kube-apiserver-kubernetes-1,1715844539.407,0.31076593123478946
kube-apiserver-kubernetes-1,1715844540.407,0.31150885031942843
kube-apiserver-kubernetes-1,1715844541.407,0.31150885031942843
kube-apiserver-kubernetes-1,1715844542.407,0.31150885031942843
kube-apiserver-kubernetes-1,1715844543.407,0.31150885031942843
kube-apiserver-kubernetes-1,1715844544.407,0.31150885031942843
kube-apiserver-kubernetes-1,1715844545.407,0.31150885031942843
kube-apiserver-kubernetes-1,1715844546.407,0.31150885031942843
kube-apiserver-kubernetes-1,1715844547.407,0.31150885031942843
kube-apiserver-kubernetes-1,1715844548.407,0.31150885031942843
kube-apiserver-kubernetes-1,1715844549.407,0.31150885031942843
kube-apiserver-kubernetes-1,1715844550.407,0.31150885031942843
kube-apiserver-kubernetes-1,1715844551.407,0.31150885031942843
kube-apiserver-kubernetes-1,1715844552.407,0.31150885031942843
kube-apiserver-kubernetes-1,1715844553.407,0.31150885031942843
kube-apiserver-kubernetes-1,1715844554.407,0.3102353104841747
kube-apiserver-kubernetes-1,1715844555.407,0.3102353104841747
kube-apiserver-kubernetes-1,1715844556.407,0.3102353104841747
kube-apiserver-kubernetes-1,1715844557.407,0.3102353104841747
kube-apiserver-kubernetes-1,1715844558.407,0.3102353104841747
kube-apiserver-kubernetes-1,1715844559.407,0.3102353104841747
kube-apiserver-kubernetes-1,1715844560.407,0.3102353104841747
kube-apiserver-kubernetes-1,1715844561.407,0.3102353104841747
kube-apiserver-kubernetes-1,1715844562.407,0.3102353104841747
kube-apiserver-kubernetes-1,1715844563.407,0.3066738805933019
kube-apiserver-kubernetes-1,1715844564.407,0.2977717617257915
kube-apiserver-kubernetes-1,1715844565.407,0.29802643275641616
kube-apiserver-kubernetes-1,1715844566.407,0.29828110378704087
kube-apiserver-kubernetes-1,1715844567.407,0.2985357748176656
kube-apiserver-kubernetes-1,1715844568.407,0.29879044584829023
kube-apiserver-kubernetes-1,1715844569.407,0.2986650044189622
kube-apiserver-kubernetes-1,1715844570.407,0.2984110489574818
kube-apiserver-kubernetes-1,1715844571.407,0.295180792927283
kube-apiserver-kubernetes-1,1715844572.407,0.29492683746580256
kube-apiserver-kubernetes-1,1715844573.407,0.2987453801777458
kube-apiserver-kubernetes-1,1715844574.407,0.2987453801777458
kube-apiserver-kubernetes-1,1715844575.407,0.2987453801777458
kube-apiserver-kubernetes-1,1715844576.407,0.2987453801777458
kube-apiserver-kubernetes-1,1715844577.407,0.2987453801777458
kube-apiserver-kubernetes-1,1715844578.407,0.2987453801777458
kube-apiserver-kubernetes-1,1715844579.407,0.2987453801777458
kube-apiserver-kubernetes-1,1715844580.407,0.2987453801777458
kube-apiserver-kubernetes-1,1715844581.407,0.2987453801777458
kube-apiserver-kubernetes-1,1715844582.407,0.2987453801777458
kube-apiserver-kubernetes-1,1715844583.407,0.2987453801777458
kube-apiserver-kubernetes-1,1715844584.407,0.2987453801777458
kube-apiserver-kubernetes-1,1715844585.407,0.2987453801777458
kube-apiserver-kubernetes-1,1715844586.407,0.29432210415069615
kube-apiserver-kubernetes-1,1715844587.407,0.2940723826101719
kube-apiserver-kubernetes-1,1715844588.407,0.2992523799798973
kube-apiserver-kubernetes-1,1715844589.407,0.29303809090925487
kube-apiserver-kubernetes-1,1715844590.407,0.293546085205209
kube-apiserver-kubernetes-1,1715844591.407,0.29405407950116313
kube-apiserver-kubernetes-1,1715844592.407,0.30302147703239923
kube-apiserver-kubernetes-1,1715844593.407,0.30302147703239923
kube-apiserver-kubernetes-1,1715844594.407,0.30302147703239923
kube-apiserver-kubernetes-1,1715844595.407,0.30302147703239923
kube-apiserver-kubernetes-1,1715844596.407,0.30302147703239923
kube-apiserver-kubernetes-1,1715844597.407,0.30302147703239923
kube-apiserver-kubernetes-1,1715844598.407,0.30302147703239923
kube-apiserver-kubernetes-1,1715844599.407,0.30302147703239923
kube-apiserver-kubernetes-1,1715844600.407,0.30302147703239923
kube-apiserver-kubernetes-1,1715844601.407,0.30392572518382255
kube-apiserver-kubernetes-1,1715844602.407,0.30545722560335503
kube-apiserver-kubernetes-1,1715844603.407,0.30545722560335503
kube-apiserver-kubernetes-1,1715844604.407,0.30545722560335503
kube-apiserver-kubernetes-1,1715844605.407,0.30545722560335503
kube-apiserver-kubernetes-1,1715844606.407,0.30545722560335503
kube-apiserver-kubernetes-1,1715844607.407,0.30545722560335503
kube-apiserver-kubernetes-1,1715844608.407,0.30545722560335503
kube-apiserver-kubernetes-1,1715844609.407,0.30545722560335503
kube-apiserver-kubernetes-1,1715844610.407,0.30545722560335503
kube-apiserver-kubernetes-1,1715844611.407,0.30545722560335503
kube-apiserver-kubernetes-1,1715844612.407,0.30545722560335503
kube-apiserver-kubernetes-1,1715844613.407,0.30545722560335503
kube-apiserver-kubernetes-1,1715844614.407,0.30545722560335503
kube-apiserver-kubernetes-1,1715844615.407,0.2987589262624305
kube-apiserver-kubernetes-1,1715844616.407,0.29901416091291155
kube-apiserver-kubernetes-1,1715844617.407,0.29926939556339255
kube-apiserver-kubernetes-1,1715844618.407,0.2995246302138736
kube-apiserver-kubernetes-1,1715844619.407,0.29977986486435465
kube-apiserver-kubernetes-1,1715844620.407,0.2943316932902956
kube-apiserver-kubernetes-1,1715844621.407,0.2943329307927996
kube-apiserver-kubernetes-1,1715844622.407,0.2943341682953035
kube-apiserver-kubernetes-1,1715844623.407,0.2943354057978075
kube-apiserver-kubernetes-1,1715844624.407,0.2898625174765276
kube-apiserver-kubernetes-1,1715844625.407,0.29885916054272565
kube-apiserver-kubernetes-1,1715844626.407,0.29860482366526936
kube-apiserver-kubernetes-1,1715844627.407,0.29835048678781306
kube-apiserver-kubernetes-1,1715844628.407,0.29809614991035677
kube-apiserver-kubernetes-1,1715844629.407,0.298176638987129
kube-apiserver-kubernetes-1,1715844630.407,0.29792230210967274
kube-apiserver-kubernetes-1,1715844631.407,0.2976679652322164
kube-apiserver-kubernetes-1,1715844632.407,0.297152421224154
kube-apiserver-kubernetes-1,1715844633.407,0.304812686034067
kube-apiserver-kubernetes-1,1715844634.407,0.304812686034067
kube-apiserver-kubernetes-1,1715844635.407,0.304812686034067
kube-apiserver-kubernetes-1,1715844636.407,0.304812686034067
kube-apiserver-kubernetes-1,1715844637.407,0.304812686034067
metrics-server-69fb86cf66-rc99f,1715844337.407,0.010295407555825364
metrics-server-69fb86cf66-rc99f,1715844338.407,0.010295407555825364
metrics-server-69fb86cf66-rc99f,1715844339.407,0.01023252217665616
metrics-server-69fb86cf66-rc99f,1715844340.407,0.01023252217665616
metrics-server-69fb86cf66-rc99f,1715844341.407,0.01023252217665616
metrics-server-69fb86cf66-rc99f,1715844342.407,0.010271954847226941
metrics-server-69fb86cf66-rc99f,1715844343.407,0.010069559563930392
metrics-server-69fb86cf66-rc99f,1715844344.407,0.010078191280194083
metrics-server-69fb86cf66-rc99f,1715844345.407,0.009770583840324334
metrics-server-69fb86cf66-rc99f,1715844346.407,0.009796325101787209
metrics-server-69fb86cf66-rc99f,1715844347.407,0.009822066363250082
metrics-server-69fb86cf66-rc99f,1715844348.407,0.01013828207674123
metrics-server-69fb86cf66-rc99f,1715844349.407,0.01014691379300492
metrics-server-69fb86cf66-rc99f,1715844350.407,0.010297824006602199
metrics-server-69fb86cf66-rc99f,1715844351.407,0.010297824006602199
metrics-server-69fb86cf66-rc99f,1715844352.407,0.010297824006602199
metrics-server-69fb86cf66-rc99f,1715844353.407,0.010297824006602199
metrics-server-69fb86cf66-rc99f,1715844354.407,0.010297824006602199
metrics-server-69fb86cf66-rc99f,1715844355.407,0.010297824006602199
metrics-server-69fb86cf66-rc99f,1715844356.407,0.010297824006602199
metrics-server-69fb86cf66-rc99f,1715844357.407,0.010297824006602199
metrics-server-69fb86cf66-rc99f,1715844358.407,0.010297824006602199
metrics-server-69fb86cf66-rc99f,1715844359.407,0.010297824006602199
metrics-server-69fb86cf66-rc99f,1715844360.407,0.010297824006602199
metrics-server-69fb86cf66-rc99f,1715844361.407,0.010297824006602199
metrics-server-69fb86cf66-rc99f,1715844362.407,0.010297824006602199
metrics-server-69fb86cf66-rc99f,1715844363.407,0.010297824006602199
metrics-server-69fb86cf66-rc99f,1715844364.407,0.010297824006602199
metrics-server-69fb86cf66-rc99f,1715844365.407,0.010297824006602199
metrics-server-69fb86cf66-rc99f,1715844366.407,0.010134521999594762
metrics-server-69fb86cf66-rc99f,1715844367.407,0.010293912654875066
metrics-server-69fb86cf66-rc99f,1715844368.407,0.010293912654875066
metrics-server-69fb86cf66-rc99f,1715844369.407,0.010293912654875066
metrics-server-69fb86cf66-rc99f,1715844370.407,0.010293912654875066
metrics-server-69fb86cf66-rc99f,1715844371.407,0.010110599318978461
metrics-server-69fb86cf66-rc99f,1715844372.407,0.010051292327562432
metrics-server-69fb86cf66-rc99f,1715844373.407,0.010042660611298743
metrics-server-69fb86cf66-rc99f,1715844374.407,0.00988321395728598
metrics-server-69fb86cf66-rc99f,1715844375.407,0.009866027468422698
metrics-server-69fb86cf66-rc99f,1715844376.407,0.009848840979559416
metrics-server-69fb86cf66-rc99f,1715844377.407,0.009831654490696132
metrics-server-69fb86cf66-rc99f,1715844378.407,0.00981446800183285
metrics-server-69fb86cf66-rc99f,1715844379.407,0.009797281512969568
metrics-server-69fb86cf66-rc99f,1715844380.407,0.009791823336290405
metrics-server-69fb86cf66-rc99f,1715844381.407,0.009792834475003944
metrics-server-69fb86cf66-rc99f,1715844382.407,0.010127661998954835
metrics-server-69fb86cf66-rc99f,1715844383.407,0.010127661998954835
metrics-server-69fb86cf66-rc99f,1715844384.407,0.010127661998954835
metrics-server-69fb86cf66-rc99f,1715844385.407,0.010127661998954835
metrics-server-69fb86cf66-rc99f,1715844386.407,0.010127661998954835
metrics-server-69fb86cf66-rc99f,1715844387.407,0.010127661998954835
metrics-server-69fb86cf66-rc99f,1715844388.407,0.010127661998954835
metrics-server-69fb86cf66-rc99f,1715844389.407,0.010127661998954835
metrics-server-69fb86cf66-rc99f,1715844390.407,0.010127661998954835
metrics-server-69fb86cf66-rc99f,1715844391.407,0.010127661998954835
metrics-server-69fb86cf66-rc99f,1715844392.407,0.010127661998954835
metrics-server-69fb86cf66-rc99f,1715844393.407,0.010127661998954835
metrics-server-69fb86cf66-rc99f,1715844394.407,0.010127661998954835
metrics-server-69fb86cf66-rc99f,1715844395.407,0.010127661998954835
metrics-server-69fb86cf66-rc99f,1715844396.407,0.010186575565658659
metrics-server-69fb86cf66-rc99f,1715844397.407,0.009826018947423652
metrics-server-69fb86cf66-rc99f,1715844398.407,0.00984300507412663
metrics-server-69fb86cf66-rc99f,1715844399.407,0.010157624943940301
metrics-server-69fb86cf66-rc99f,1715844400.407,0.010140939294838638
metrics-server-69fb86cf66-rc99f,1715844401.407,0.010140939294838638
metrics-server-69fb86cf66-rc99f,1715844402.407,0.010140939294838638
metrics-server-69fb86cf66-rc99f,1715844403.407,0.010140939294838638
metrics-server-69fb86cf66-rc99f,1715844404.407,0.010140939294838638
metrics-server-69fb86cf66-rc99f,1715844405.407,0.00998582610582218
metrics-server-69fb86cf66-rc99f,1715844406.407,0.009977478861516318
metrics-server-69fb86cf66-rc99f,1715844407.407,0.010182507209295678
metrics-server-69fb86cf66-rc99f,1715844408.407,0.010182507209295678
metrics-server-69fb86cf66-rc99f,1715844409.407,0.010182507209295678
metrics-server-69fb86cf66-rc99f,1715844410.407,0.010182507209295678
metrics-server-69fb86cf66-rc99f,1715844411.407,0.010182507209295678
metrics-server-69fb86cf66-rc99f,1715844412.407,0.01014070490361402
metrics-server-69fb86cf66-rc99f,1715844413.407,0.01014070490361402
metrics-server-69fb86cf66-rc99f,1715844414.407,0.01014070490361402
metrics-server-69fb86cf66-rc99f,1715844415.407,0.01014070490361402
metrics-server-69fb86cf66-rc99f,1715844416.407,0.010140704903614023
metrics-server-69fb86cf66-rc99f,1715844417.407,0.010140704903614023
metrics-server-69fb86cf66-rc99f,1715844418.407,0.010140704903614023
metrics-server-69fb86cf66-rc99f,1715844419.407,0.010140704903614023
metrics-server-69fb86cf66-rc99f,1715844420.407,0.010140704903614023
metrics-server-69fb86cf66-rc99f,1715844421.407,0.010140704903614023
metrics-server-69fb86cf66-rc99f,1715844422.407,0.010140704903614023
metrics-server-69fb86cf66-rc99f,1715844423.407,0.010140704903614023
metrics-server-69fb86cf66-rc99f,1715844424.407,0.010140704903614023
metrics-server-69fb86cf66-rc99f,1715844425.407,0.010140704903614023
metrics-server-69fb86cf66-rc99f,1715844426.407,0.010140704903614023
metrics-server-69fb86cf66-rc99f,1715844427.407,0.010140704903614023
metrics-server-69fb86cf66-rc99f,1715844428.407,0.010140704903614023
metrics-server-69fb86cf66-rc99f,1715844429.407,0.01006341761540826
metrics-server-69fb86cf66-rc99f,1715844430.407,0.009722940813802577
metrics-server-69fb86cf66-rc99f,1715844431.407,0.010033553360514091
metrics-server-69fb86cf66-rc99f,1715844432.407,0.009665515552983894
metrics-server-69fb86cf66-rc99f,1715844433.407,0.009682169460186869
metrics-server-69fb86cf66-rc99f,1715844434.407,0.009677283859910946
metrics-server-69fb86cf66-rc99f,1715844435.407,0.009693937767113917
metrics-server-69fb86cf66-rc99f,1715844436.407,0.00998963529123922
metrics-server-69fb86cf66-rc99f,1715844437.407,0.00998963529123922
metrics-server-69fb86cf66-rc99f,1715844438.407,0.00998963529123922
metrics-server-69fb86cf66-rc99f,1715844439.407,0.00998963529123922
metrics-server-69fb86cf66-rc99f,1715844440.407,0.00998963529123922
metrics-server-69fb86cf66-rc99f,1715844441.407,0.00998963529123922
metrics-server-69fb86cf66-rc99f,1715844442.407,0.00998963529123922
metrics-server-69fb86cf66-rc99f,1715844443.407,0.00998963529123922
metrics-server-69fb86cf66-rc99f,1715844444.407,0.00998963529123922
metrics-server-69fb86cf66-rc99f,1715844445.407,0.00998963529123922
metrics-server-69fb86cf66-rc99f,1715844446.407,0.00998963529123922
metrics-server-69fb86cf66-rc99f,1715844447.407,0.00998963529123922
metrics-server-69fb86cf66-rc99f,1715844448.407,0.00998963529123922
metrics-server-69fb86cf66-rc99f,1715844449.407,0.00998963529123922
metrics-server-69fb86cf66-rc99f,1715844450.407,0.00998963529123922
metrics-server-69fb86cf66-rc99f,1715844451.407,0.00998963529123922
metrics-server-69fb86cf66-rc99f,1715844452.407,0.00998963529123922
metrics-server-69fb86cf66-rc99f,1715844453.407,0.00998963529123922
metrics-server-69fb86cf66-rc99f,1715844454.407,0.00998963529123922
metrics-server-69fb86cf66-rc99f,1715844455.407,0.00998963529123922
metrics-server-69fb86cf66-rc99f,1715844456.407,0.00998963529123922
metrics-server-69fb86cf66-rc99f,1715844457.407,0.00998963529123922
metrics-server-69fb86cf66-rc99f,1715844458.407,0.00998963529123922
metrics-server-69fb86cf66-rc99f,1715844459.407,0.00998963529123922
metrics-server-69fb86cf66-rc99f,1715844460.407,0.00998963529123922
metrics-server-69fb86cf66-rc99f,1715844461.407,0.009690307215343669
metrics-server-69fb86cf66-rc99f,1715844462.407,0.009673653308140696
metrics-server-69fb86cf66-rc99f,1715844463.407,0.009656999400937725
metrics-server-69fb86cf66-rc99f,1715844464.407,0.009376572093681888
metrics-server-69fb86cf66-rc99f,1715844465.407,0.009368124839442646
metrics-server-69fb86cf66-rc99f,1715844466.407,0.009209037802148651
metrics-server-69fb86cf66-rc99f,1715844467.407,0.009040526900104845
metrics-server-69fb86cf66-rc99f,1715844468.407,0.008861041393085758
metrics-server-69fb86cf66-rc99f,1715844469.407,0.008836776897821436
metrics-server-69fb86cf66-rc99f,1715844470.407,0.009899864636227603
metrics-server-69fb86cf66-rc99f,1715844471.407,0.009899864636227603
metrics-server-69fb86cf66-rc99f,1715844472.407,0.009899864636227603
metrics-server-69fb86cf66-rc99f,1715844473.407,0.009899864636227603
metrics-server-69fb86cf66-rc99f,1715844474.407,0.009899864636227603
metrics-server-69fb86cf66-rc99f,1715844475.407,0.009899864636227603
metrics-server-69fb86cf66-rc99f,1715844476.407,0.009899864636227603
metrics-server-69fb86cf66-rc99f,1715844477.407,0.009899864636227603
metrics-server-69fb86cf66-rc99f,1715844478.407,0.009899864636227603
metrics-server-69fb86cf66-rc99f,1715844479.407,0.009899864636227603
metrics-server-69fb86cf66-rc99f,1715844480.407,0.009899864636227603
metrics-server-69fb86cf66-rc99f,1715844481.407,0.009899864636227603
metrics-server-69fb86cf66-rc99f,1715844482.407,0.009895883320287516
metrics-server-69fb86cf66-rc99f,1715844483.407,0.009895883320287516
metrics-server-69fb86cf66-rc99f,1715844484.407,0.009895883320287516
metrics-server-69fb86cf66-rc99f,1715844485.407,0.009895883320287516
metrics-server-69fb86cf66-rc99f,1715844486.407,0.009895883320287516
metrics-server-69fb86cf66-rc99f,1715844487.407,0.009895883320287516
metrics-server-69fb86cf66-rc99f,1715844488.407,0.009895883320287516
metrics-server-69fb86cf66-rc99f,1715844489.407,0.009713769022291773
metrics-server-69fb86cf66-rc99f,1715844490.407,0.009721988582126036
metrics-server-69fb86cf66-rc99f,1715844491.407,0.00987864209067233
metrics-server-69fb86cf66-rc99f,1715844492.407,0.00987864209067233
metrics-server-69fb86cf66-rc99f,1715844493.407,0.00987864209067233
metrics-server-69fb86cf66-rc99f,1715844494.407,0.00987864209067233
metrics-server-69fb86cf66-rc99f,1715844495.407,0.00987864209067233
metrics-server-69fb86cf66-rc99f,1715844496.407,0.009644812563598108
metrics-server-69fb86cf66-rc99f,1715844497.407,0.00980515957606335
metrics-server-69fb86cf66-rc99f,1715844498.407,0.009813416826346068
metrics-server-69fb86cf66-rc99f,1715844499.407,0.009956776453337871
metrics-server-69fb86cf66-rc99f,1715844500.407,0.009956776453337871
metrics-server-69fb86cf66-rc99f,1715844501.407,0.009951569478577553
metrics-server-69fb86cf66-rc99f,1715844502.407,0.00992910920359733
metrics-server-69fb86cf66-rc99f,1715844503.407,0.00992910920359733
metrics-server-69fb86cf66-rc99f,1715844504.407,0.00992910920359733
metrics-server-69fb86cf66-rc99f,1715844505.407,0.00992910920359733
metrics-server-69fb86cf66-rc99f,1715844506.407,0.00992910920359733
metrics-server-69fb86cf66-rc99f,1715844507.407,0.00992910920359733
metrics-server-69fb86cf66-rc99f,1715844508.407,0.00992910920359733
metrics-server-69fb86cf66-rc99f,1715844509.407,0.00992910920359733
metrics-server-69fb86cf66-rc99f,1715844510.407,0.00992910920359733
metrics-server-69fb86cf66-rc99f,1715844511.407,0.00992910920359733
metrics-server-69fb86cf66-rc99f,1715844512.407,0.00992910920359733
metrics-server-69fb86cf66-rc99f,1715844513.407,0.009786327584125318
metrics-server-69fb86cf66-rc99f,1715844514.407,0.0097780703338426
metrics-server-69fb86cf66-rc99f,1715844515.407,0.00976981308355988
metrics-server-69fb86cf66-rc99f,1715844516.407,0.009761555833277162
metrics-server-69fb86cf66-rc99f,1715844517.407,0.009753298582994443
metrics-server-69fb86cf66-rc99f,1715844518.407,0.009745041332711724
metrics-server-69fb86cf66-rc99f,1715844519.407,0.009736784082429005
metrics-server-69fb86cf66-rc99f,1715844520.407,0.009728526832146287
metrics-server-69fb86cf66-rc99f,1715844521.407,0.009720269581863568
metrics-server-69fb86cf66-rc99f,1715844522.407,0.009712012331580849
metrics-server-69fb86cf66-rc99f,1715844523.407,0.00970375508129813
metrics-server-69fb86cf66-rc99f,1715844524.407,0.009695497831015412
metrics-server-69fb86cf66-rc99f,1715844525.407,0.009691352509378604
metrics-server-69fb86cf66-rc99f,1715844526.407,0.009683095259095883
metrics-server-69fb86cf66-rc99f,1715844527.407,0.010046032419625926
metrics-server-69fb86cf66-rc99f,1715844528.407,0.010046032419625926
metrics-server-69fb86cf66-rc99f,1715844529.407,0.010046032419625926
metrics-server-69fb86cf66-rc99f,1715844530.407,0.010098555655753575
metrics-server-69fb86cf66-rc99f,1715844531.407,0.010098555655753575
metrics-server-69fb86cf66-rc99f,1715844532.407,0.010098555655753575
metrics-server-69fb86cf66-rc99f,1715844533.407,0.010098555655753575
metrics-server-69fb86cf66-rc99f,1715844534.407,0.010098555655753575
metrics-server-69fb86cf66-rc99f,1715844535.407,0.010098555655753575
metrics-server-69fb86cf66-rc99f,1715844536.407,0.010098555655753575
metrics-server-69fb86cf66-rc99f,1715844537.407,0.010098555655753575
metrics-server-69fb86cf66-rc99f,1715844538.407,0.010098555655753575
metrics-server-69fb86cf66-rc99f,1715844539.407,0.010098555655753575
metrics-server-69fb86cf66-rc99f,1715844540.407,0.010098555655753575
metrics-server-69fb86cf66-rc99f,1715844541.407,0.010098555655753575
metrics-server-69fb86cf66-rc99f,1715844542.407,0.010098555655753575
metrics-server-69fb86cf66-rc99f,1715844543.407,0.010098555655753575
metrics-server-69fb86cf66-rc99f,1715844544.407,0.010098555655753575
metrics-server-69fb86cf66-rc99f,1715844545.407,0.010094895630139432
metrics-server-69fb86cf66-rc99f,1715844546.407,0.010094895630139432
metrics-server-69fb86cf66-rc99f,1715844547.407,0.010094895630139432
metrics-server-69fb86cf66-rc99f,1715844548.407,0.010094895630139432
metrics-server-69fb86cf66-rc99f,1715844549.407,0.010094895630139432
metrics-server-69fb86cf66-rc99f,1715844550.407,0.010041020168420197
metrics-server-69fb86cf66-rc99f,1715844551.407,0.010041020168420197
metrics-server-69fb86cf66-rc99f,1715844552.407,0.009941392349649109
metrics-server-69fb86cf66-rc99f,1715844553.407,0.010090327613730753
metrics-server-69fb86cf66-rc99f,1715844554.407,0.010090327613730753
metrics-server-69fb86cf66-rc99f,1715844555.407,0.010090327613730753
metrics-server-69fb86cf66-rc99f,1715844556.407,0.010090327613730753
metrics-server-69fb86cf66-rc99f,1715844557.407,0.010090327613730753
metrics-server-69fb86cf66-rc99f,1715844558.407,0.010090327613730753
metrics-server-69fb86cf66-rc99f,1715844559.407,0.010090327613730753
metrics-server-69fb86cf66-rc99f,1715844560.407,0.0101048363597399
metrics-server-69fb86cf66-rc99f,1715844561.407,0.01007135943733917
metrics-server-69fb86cf66-rc99f,1715844562.407,0.01007135943733917
metrics-server-69fb86cf66-rc99f,1715844563.407,0.01007135943733917
metrics-server-69fb86cf66-rc99f,1715844564.407,0.01007135943733917
metrics-server-69fb86cf66-rc99f,1715844565.407,0.01007135943733917
metrics-server-69fb86cf66-rc99f,1715844566.407,0.01007135943733917
metrics-server-69fb86cf66-rc99f,1715844567.407,0.01007135943733917
metrics-server-69fb86cf66-rc99f,1715844568.407,0.01007135943733917
metrics-server-69fb86cf66-rc99f,1715844569.407,0.01007135943733917
metrics-server-69fb86cf66-rc99f,1715844570.407,0.01007135943733917
metrics-server-69fb86cf66-rc99f,1715844571.407,0.01007135943733917
metrics-server-69fb86cf66-rc99f,1715844572.407,0.01007135943733917
metrics-server-69fb86cf66-rc99f,1715844573.407,0.01007135943733917
metrics-server-69fb86cf66-rc99f,1715844574.407,0.01007135943733917
metrics-server-69fb86cf66-rc99f,1715844575.407,0.01007135943733917
metrics-server-69fb86cf66-rc99f,1715844576.407,0.01007135943733917
metrics-server-69fb86cf66-rc99f,1715844577.407,0.0099198318898906
metrics-server-69fb86cf66-rc99f,1715844578.407,0.009911387970128627
metrics-server-69fb86cf66-rc99f,1715844579.407,0.009999552911510452
metrics-server-69fb86cf66-rc99f,1715844580.407,0.00999110899174848
metrics-server-69fb86cf66-rc99f,1715844581.407,0.009982665071986505
metrics-server-69fb86cf66-rc99f,1715844582.407,0.009974221152224533
metrics-server-69fb86cf66-rc99f,1715844583.407,0.009652207471294565
metrics-server-69fb86cf66-rc99f,1715844584.407,0.009626665381002352
metrics-server-69fb86cf66-rc99f,1715844585.407,0.010311534144724882
metrics-server-69fb86cf66-rc99f,1715844586.407,0.010311534144724882
metrics-server-69fb86cf66-rc99f,1715844587.407,0.010311534144724882
metrics-server-69fb86cf66-rc99f,1715844588.407,0.010311534144724882
metrics-server-69fb86cf66-rc99f,1715844589.407,0.010311534144724882
metrics-server-69fb86cf66-rc99f,1715844590.407,0.010311534144724882
metrics-server-69fb86cf66-rc99f,1715844591.407,0.010311534144724882
metrics-server-69fb86cf66-rc99f,1715844592.407,0.010311534144724882
metrics-server-69fb86cf66-rc99f,1715844593.407,0.010311534144724882
metrics-server-69fb86cf66-rc99f,1715844594.407,0.010311534144724882
metrics-server-69fb86cf66-rc99f,1715844595.407,0.010311534144724882
metrics-server-69fb86cf66-rc99f,1715844596.407,0.010311534144724882
metrics-server-69fb86cf66-rc99f,1715844597.407,0.010311534144724882
metrics-server-69fb86cf66-rc99f,1715844598.407,0.010311534144724882
metrics-server-69fb86cf66-rc99f,1715844599.407,0.010311534144724882
metrics-server-69fb86cf66-rc99f,1715844600.407,0.010311534144724882
metrics-server-69fb86cf66-rc99f,1715844601.407,0.010311534144724882
metrics-server-69fb86cf66-rc99f,1715844602.407,0.010311534144724882
metrics-server-69fb86cf66-rc99f,1715844603.407,0.010311534144724882
metrics-server-69fb86cf66-rc99f,1715844604.407,0.010311534144724882
metrics-server-69fb86cf66-rc99f,1715844605.407,0.010311534144724882
metrics-server-69fb86cf66-rc99f,1715844606.407,0.010311534144724882
metrics-server-69fb86cf66-rc99f,1715844607.407,0.010311534144724882
metrics-server-69fb86cf66-rc99f,1715844608.407,0.010311534144724882
metrics-server-69fb86cf66-rc99f,1715844609.407,0.010311534144724882
metrics-server-69fb86cf66-rc99f,1715844610.407,0.010283606860774078
metrics-server-69fb86cf66-rc99f,1715844611.407,0.01036098591440364
metrics-server-69fb86cf66-rc99f,1715844612.407,0.01036098591440364
metrics-server-69fb86cf66-rc99f,1715844613.407,0.01036098591440364
metrics-server-69fb86cf66-rc99f,1715844614.407,0.01036098591440364
metrics-server-69fb86cf66-rc99f,1715844615.407,0.010550278570710975
metrics-server-69fb86cf66-rc99f,1715844616.407,0.010550278570710975
metrics-server-69fb86cf66-rc99f,1715844617.407,0.010550278570710975
metrics-server-69fb86cf66-rc99f,1715844618.407,0.010550278570710975
metrics-server-69fb86cf66-rc99f,1715844619.407,0.010550278570710975
metrics-server-69fb86cf66-rc99f,1715844620.407,0.010550278570710975
metrics-server-69fb86cf66-rc99f,1715844621.407,0.010550278570710975
metrics-server-69fb86cf66-rc99f,1715844622.407,0.010550278570710975
metrics-server-69fb86cf66-rc99f,1715844623.407,0.010550278570710975
metrics-server-69fb86cf66-rc99f,1715844624.407,0.010550278570710975
metrics-server-69fb86cf66-rc99f,1715844625.407,0.010550278570710975
metrics-server-69fb86cf66-rc99f,1715844626.407,0.010550278570710975
metrics-server-69fb86cf66-rc99f,1715844627.407,0.010550278570710975
metrics-server-69fb86cf66-rc99f,1715844628.407,0.010550278570710975
metrics-server-69fb86cf66-rc99f,1715844629.407,0.010550278570710975
metrics-server-69fb86cf66-rc99f,1715844630.407,0.010550278570710975
metrics-server-69fb86cf66-rc99f,1715844631.407,0.010550278570710975
metrics-server-69fb86cf66-rc99f,1715844632.407,0.010550278570710975
metrics-server-69fb86cf66-rc99f,1715844633.407,0.010550278570710975
metrics-server-69fb86cf66-rc99f,1715844634.407,0.010550278570710975
metrics-server-69fb86cf66-rc99f,1715844635.407,0.010550278570710975
metrics-server-69fb86cf66-rc99f,1715844636.407,0.010550278570710975
metrics-server-69fb86cf66-rc99f,1715844637.407,0.010550278570710975
