DeploymentName,PodName,DeploymentTime,Initialized,PodScheduled,ContainersReady,Ready,DeleteTime,FinalizeDeletionTime
nginx-deployment-5,nginx-deployment-5-8f8d4bb8b-7vqcc,2024-05-05T11:32:57+02:00,2024-05-05 11:32:57 +0200 CEST,2024-05-05 11:32:57 +0200 CEST,2024-05-05 11:32:58 +0200 CEST,2024-05-05 11:32:58 +0200 CEST,2024-05-05T11:33:38+02:00,2024-05-05T11:33:38+02:00
nginx-deployment-21,nginx-deployment-21-76d4b5b6fd-gttml,2024-05-05T11:32:59+02:00,2024-05-05 11:33:00 +0200 CEST,2024-05-05 11:33:00 +0200 CEST,2024-05-05 11:33:02 +0200 CEST,2024-05-05 11:33:02 +0200 CEST,2024-05-05T11:33:40+02:00,2024-05-05T11:33:40+02:00
nginx-deployment-40,nginx-deployment-40-7b5cb48cdc-fd857,2024-05-05T11:33:02+02:00,2024-05-05 11:33:05 +0200 CEST,2024-05-05 11:33:05 +0200 CEST,2024-05-05 11:33:06 +0200 CEST,2024-05-05 11:33:06 +0200 CEST,2024-05-05T11:33:44+02:00,2024-05-05T11:33:44+02:00
nginx-deployment-65,nginx-deployment-65-858c685966-pbzgq,2024-05-05T11:33:07+02:00,2024-05-05 11:33:11 +0200 CEST,2024-05-05 11:33:11 +0200 CEST,2024-05-05 11:33:13 +0200 CEST,2024-05-05 11:33:13 +0200 CEST,2024-05-05T11:33:49+02:00,2024-05-05T11:33:49+02:00
nginx-deployment-83,nginx-deployment-83-7474c4bf4b-r4vdq,2024-05-05T11:33:11+02:00,2024-05-05 11:33:15 +0200 CEST,2024-05-05 11:33:15 +0200 CEST,2024-05-05 11:33:16 +0200 CEST,2024-05-05 11:33:16 +0200 CEST,2024-05-05T11:33:52+02:00,2024-05-05T11:33:52+02:00
nginx-deployment-98,nginx-deployment-98-56f9d8dfb6-g5ztn,2024-05-05T11:33:14+02:00,2024-05-05 11:33:19 +0200 CEST,2024-05-05 11:33:19 +0200 CEST,2024-05-05 11:33:20 +0200 CEST,2024-05-05 11:33:20 +0200 CEST,2024-05-05T11:33:55+02:00,2024-05-05T11:33:55+02:00
nginx-deployment-39,nginx-deployment-39-7977bf4687-cxzpj,2024-05-05T11:33:02+02:00,2024-05-05 11:33:05 +0200 CEST,2024-05-05 11:33:05 +0200 CEST,2024-05-05 11:33:06 +0200 CEST,2024-05-05 11:33:06 +0200 CEST,2024-05-05T11:33:43+02:00,2024-05-05T11:33:43+02:00
nginx-deployment-58,nginx-deployment-58-6f4f4f647d-cjskc,2024-05-05T11:33:06+02:00,2024-05-05 11:33:09 +0200 CEST,2024-05-05 11:33:09 +0200 CEST,2024-05-05 11:33:10 +0200 CEST,2024-05-05 11:33:10 +0200 CEST,2024-05-05T11:33:47+02:00,2024-05-05T11:33:47+02:00
nginx-deployment-71,nginx-deployment-71-5f7b9f5699-vbj8q,2024-05-05T11:33:09+02:00,2024-05-05 11:33:13 +0200 CEST,2024-05-05 11:33:13 +0200 CEST,2024-05-05 11:33:13 +0200 CEST,2024-05-05 11:33:13 +0200 CEST,2024-05-05T11:33:50+02:00,2024-05-05T11:33:50+02:00
nginx-deployment-16,nginx-deployment-16-585596548d-99rrd,2024-05-05T11:32:58+02:00,2024-05-05 11:32:59 +0200 CEST,2024-05-05 11:32:59 +0200 CEST,2024-05-05 11:33:00 +0200 CEST,2024-05-05 11:33:00 +0200 CEST,2024-05-05T11:33:39+02:00,2024-05-05T11:33:39+02:00
nginx-deployment-17,nginx-deployment-17-6c6b75f5f9-dprpb,2024-05-05T11:32:58+02:00,2024-05-05 11:32:59 +0200 CEST,2024-05-05 11:32:59 +0200 CEST,2024-05-05 11:33:00 +0200 CEST,2024-05-05 11:33:00 +0200 CEST,2024-05-05T11:33:39+02:00,2024-05-05T11:33:39+02:00
nginx-deployment-19,nginx-deployment-19-585d4458cc-kdss8,2024-05-05T11:32:58+02:00,2024-05-05 11:33:00 +0200 CEST,2024-05-05 11:33:00 +0200 CEST,2024-05-05 11:33:01 +0200 CEST,2024-05-05 11:33:01 +0200 CEST,2024-05-05T11:33:39+02:00,2024-05-05T11:33:39+02:00
nginx-deployment-52,nginx-deployment-52-7dd4d4757b-9h59j,2024-05-05T11:33:05+02:00,2024-05-05 11:33:08 +0200 CEST,2024-05-05 11:33:08 +0200 CEST,2024-05-05 11:33:09 +0200 CEST,2024-05-05 11:33:09 +0200 CEST,2024-05-05T11:33:46+02:00,2024-05-05T11:33:46+02:00
nginx-deployment-73,nginx-deployment-73-69bcc68f7-zktpz,2024-05-05T11:33:09+02:00,2024-05-05 11:33:13 +0200 CEST,2024-05-05 11:33:13 +0200 CEST,2024-05-05 11:33:14 +0200 CEST,2024-05-05 11:33:14 +0200 CEST,2024-05-05T11:33:50+02:00,2024-05-05T11:33:50+02:00
nginx-deployment-99,nginx-deployment-99-58c8588745-5vf5c,2024-05-05T11:33:14+02:00,2024-05-05 11:33:19 +0200 CEST,2024-05-05 11:33:19 +0200 CEST,2024-05-05 11:33:20 +0200 CEST,2024-05-05 11:33:20 +0200 CEST,2024-05-05T11:33:55+02:00,2024-05-05T11:33:55+02:00
nginx-deployment-3,nginx-deployment-3-5c47944bb4-wlcbx,2024-05-05T11:32:57+02:00,2024-05-05 11:32:57 +0200 CEST,2024-05-05 11:32:57 +0200 CEST,2024-05-05 11:32:58 +0200 CEST,2024-05-05 11:32:58 +0200 CEST,2024-05-05T11:33:38+02:00,2024-05-05T11:33:38+02:00
nginx-deployment-7,nginx-deployment-7-68db97d756-d7lsw,2024-05-05T11:32:57+02:00,2024-05-05 11:32:57 +0200 CEST,2024-05-05 11:32:57 +0200 CEST,2024-05-05 11:32:58 +0200 CEST,2024-05-05 11:32:58 +0200 CEST,2024-05-05T11:33:38+02:00,2024-05-05T11:33:38+02:00
nginx-deployment-24,nginx-deployment-24-766f9f4ddf-5wn2s,2024-05-05T11:32:59+02:00,2024-05-05 11:33:01 +0200 CEST,2024-05-05 11:33:01 +0200 CEST,2024-05-05 11:33:02 +0200 CEST,2024-05-05 11:33:02 +0200 CEST,2024-05-05T11:33:40+02:00,2024-05-05T11:33:40+02:00
nginx-deployment-26,nginx-deployment-26-f6ddb5c59-q4dvn,2024-05-05T11:33:00+02:00,2024-05-05 11:33:02 +0200 CEST,2024-05-05 11:33:02 +0200 CEST,2024-05-05 11:33:03 +0200 CEST,2024-05-05 11:33:03 +0200 CEST,2024-05-05T11:33:41+02:00,2024-05-05T11:33:41+02:00
nginx-deployment-54,nginx-deployment-54-688fb675b6-6226h,2024-05-05T11:33:05+02:00,2024-05-05 11:33:08 +0200 CEST,2024-05-05 11:33:08 +0200 CEST,2024-05-05 11:33:10 +0200 CEST,2024-05-05 11:33:10 +0200 CEST,2024-05-05T11:33:47+02:00,2024-05-05T11:33:47+02:00
nginx-deployment-68,nginx-deployment-68-7486b4468f-jdgch,2024-05-05T11:33:08+02:00,2024-05-05 11:33:12 +0200 CEST,2024-05-05 11:33:12 +0200 CEST,2024-05-05 11:33:13 +0200 CEST,2024-05-05 11:33:13 +0200 CEST,2024-05-05T11:33:49+02:00,2024-05-05T11:33:49+02:00
nginx-deployment-78,nginx-deployment-78-76d6566488-m9tfh,2024-05-05T11:33:10+02:00,2024-05-05 11:33:14 +0200 CEST,2024-05-05 11:33:14 +0200 CEST,2024-05-05 11:33:15 +0200 CEST,2024-05-05 11:33:15 +0200 CEST,2024-05-05T11:33:51+02:00,2024-05-05T11:33:51+02:00
nginx-deployment-96,nginx-deployment-96-6cbd7bd45b-6mpd6,2024-05-05T11:33:14+02:00,2024-05-05 11:33:18 +0200 CEST,2024-05-05 11:33:18 +0200 CEST,2024-05-05 11:33:20 +0200 CEST,2024-05-05 11:33:20 +0200 CEST,2024-05-05T11:33:55+02:00,2024-05-05T11:33:55+02:00
nginx-deployment-100,nginx-deployment-100-d786db45d-n8fk5,2024-05-05T11:33:14+02:00,2024-05-05 11:33:19 +0200 CEST,2024-05-05 11:33:19 +0200 CEST,2024-05-05 11:33:20 +0200 CEST,2024-05-05 11:33:20 +0200 CEST,2024-05-05T11:33:55+02:00,2024-05-05T11:33:55+02:00
nginx-deployment-10,nginx-deployment-10-9c4b5645d-l869t,2024-05-05T11:32:57+02:00,2024-05-05 11:32:57 +0200 CEST,2024-05-05 11:32:57 +0200 CEST,2024-05-05 11:32:59 +0200 CEST,2024-05-05 11:32:59 +0200 CEST,2024-05-05T11:33:38+02:00,2024-05-05T11:33:38+02:00
nginx-deployment-25,nginx-deployment-25-5c944fd9f4-fkx8t,2024-05-05T11:32:59+02:00,2024-05-05 11:33:02 +0200 CEST,2024-05-05 11:33:02 +0200 CEST,2024-05-05 11:33:03 +0200 CEST,2024-05-05 11:33:03 +0200 CEST,2024-05-05T11:33:40+02:00,2024-05-05T11:33:40+02:00
nginx-deployment-31,nginx-deployment-31-79f4c89fcf-x7t2s,2024-05-05T11:33:01+02:00,2024-05-05 11:33:03 +0200 CEST,2024-05-05 11:33:03 +0200 CEST,2024-05-05 11:33:04 +0200 CEST,2024-05-05 11:33:04 +0200 CEST,2024-05-05T11:33:42+02:00,2024-05-05T11:33:42+02:00
nginx-deployment-50,nginx-deployment-50-7f57bf6f54-25hcl,2024-05-05T11:33:04+02:00,2024-05-05 11:33:07 +0200 CEST,2024-05-05 11:33:07 +0200 CEST,2024-05-05 11:33:09 +0200 CEST,2024-05-05 11:33:09 +0200 CEST,2024-05-05T11:33:46+02:00,2024-05-05T11:33:46+02:00
nginx-deployment-66,nginx-deployment-66-55f57b547-9bm4f,2024-05-05T11:33:08+02:00,2024-05-05 11:33:12 +0200 CEST,2024-05-05 11:33:12 +0200 CEST,2024-05-05 11:33:13 +0200 CEST,2024-05-05 11:33:13 +0200 CEST,2024-05-05T11:33:49+02:00,2024-05-05T11:33:49+02:00
nginx-deployment-12,nginx-deployment-12-5bfcc6dc4d-2xg7w,2024-05-05T11:32:57+02:00,2024-05-05 11:32:58 +0200 CEST,2024-05-05 11:32:58 +0200 CEST,2024-05-05 11:32:59 +0200 CEST,2024-05-05 11:32:59 +0200 CEST,2024-05-05T11:33:38+02:00,2024-05-05T11:33:38+02:00
nginx-deployment-27,nginx-deployment-27-99c885fbd-9twq2,2024-05-05T11:33:00+02:00,2024-05-05 11:33:02 +0200 CEST,2024-05-05 11:33:02 +0200 CEST,2024-05-05 11:33:03 +0200 CEST,2024-05-05 11:33:03 +0200 CEST,2024-05-05T11:33:41+02:00,2024-05-05T11:33:41+02:00
nginx-deployment-35,nginx-deployment-35-59b7b7dcf5-lmrt5,2024-05-05T11:33:02+02:00,2024-05-05 11:33:04 +0200 CEST,2024-05-05 11:33:04 +0200 CEST,2024-05-05 11:33:05 +0200 CEST,2024-05-05 11:33:05 +0200 CEST,2024-05-05T11:33:43+02:00,2024-05-05T11:33:43+02:00
nginx-deployment-48,nginx-deployment-48-65567d5d47-f4vlp,2024-05-05T11:33:04+02:00,2024-05-05 11:33:07 +0200 CEST,2024-05-05 11:33:07 +0200 CEST,2024-05-05 11:33:08 +0200 CEST,2024-05-05 11:33:08 +0200 CEST,2024-05-05T11:33:45+02:00,2024-05-05T11:33:45+02:00
nginx-deployment-56,nginx-deployment-56-6f8865fcdd-t47c9,2024-05-05T11:33:06+02:00,2024-05-05 11:33:09 +0200 CEST,2024-05-05 11:33:09 +0200 CEST,2024-05-05 11:33:10 +0200 CEST,2024-05-05 11:33:10 +0200 CEST,2024-05-05T11:33:47+02:00,2024-05-05T11:33:47+02:00
nginx-deployment-59,nginx-deployment-59-77c88f5b77-vl5l9,2024-05-05T11:33:06+02:00,2024-05-05 11:33:09 +0200 CEST,2024-05-05 11:33:09 +0200 CEST,2024-05-05 11:33:11 +0200 CEST,2024-05-05 11:33:11 +0200 CEST,2024-05-05T11:33:47+02:00,2024-05-05T11:33:47+02:00
nginx-deployment-74,nginx-deployment-74-795dd5948d-ll5xm,2024-05-05T11:33:09+02:00,2024-05-05 11:33:13 +0200 CEST,2024-05-05 11:33:13 +0200 CEST,2024-05-05 11:33:14 +0200 CEST,2024-05-05 11:33:14 +0200 CEST,2024-05-05T11:33:50+02:00,2024-05-05T11:33:50+02:00
nginx-deployment-85,nginx-deployment-85-86bcff6ff6-vfw7d,2024-05-05T11:33:12+02:00,2024-05-05 11:33:16 +0200 CEST,2024-05-05 11:33:16 +0200 CEST,2024-05-05 11:33:17 +0200 CEST,2024-05-05 11:33:17 +0200 CEST,2024-05-05T11:33:52+02:00,2024-05-05T11:33:52+02:00
nginx-deployment-6,nginx-deployment-6-5c49994b47-pmn6w,2024-05-05T11:32:57+02:00,2024-05-05 11:32:57 +0200 CEST,2024-05-05 11:32:57 +0200 CEST,2024-05-05 11:32:58 +0200 CEST,2024-05-05 11:32:58 +0200 CEST,2024-05-05T11:33:38+02:00,2024-05-05T11:33:38+02:00
nginx-deployment-9,nginx-deployment-9-555bc48998-wk42h,2024-05-05T11:32:57+02:00,2024-05-05 11:32:57 +0200 CEST,2024-05-05 11:32:57 +0200 CEST,2024-05-05 11:32:58 +0200 CEST,2024-05-05 11:32:58 +0200 CEST,2024-05-05T11:33:38+02:00,2024-05-05T11:33:38+02:00
nginx-deployment-13,nginx-deployment-13-d7c8c7df9-hd5ss,2024-05-05T11:32:57+02:00,2024-05-05 11:32:58 +0200 CEST,2024-05-05 11:32:58 +0200 CEST,2024-05-05 11:32:59 +0200 CEST,2024-05-05 11:32:59 +0200 CEST,2024-05-05T11:33:38+02:00,2024-05-05T11:33:38+02:00
nginx-deployment-45,nginx-deployment-45-8c49df8bd-p4zrq,2024-05-05T11:33:03+02:00,2024-05-05 11:33:06 +0200 CEST,2024-05-05 11:33:06 +0200 CEST,2024-05-05 11:33:07 +0200 CEST,2024-05-05 11:33:07 +0200 CEST,2024-05-05T11:33:44+02:00,2024-05-05T11:33:44+02:00
nginx-deployment-88,nginx-deployment-88-d89744fff-wvwp5,2024-05-05T11:33:12+02:00,2024-05-05 11:33:16 +0200 CEST,2024-05-05 11:33:16 +0200 CEST,2024-05-05 11:33:18 +0200 CEST,2024-05-05 11:33:18 +0200 CEST,2024-05-05T11:33:53+02:00,2024-05-05T11:33:53+02:00
nginx-deployment-1,nginx-deployment-1-f46d4d85d-4jvg4,2024-05-05T11:32:56+02:00,2024-05-05 11:32:57 +0200 CEST,2024-05-05 11:32:56 +0200 CEST,2024-05-05 11:32:58 +0200 CEST,2024-05-05 11:32:58 +0200 CEST,2024-05-05T11:33:37+02:00,2024-05-05T11:33:37+02:00
nginx-deployment-2,nginx-deployment-2-f4875895f-4djqx,2024-05-05T11:32:56+02:00,2024-05-05 11:32:57 +0200 CEST,2024-05-05 11:32:57 +0200 CEST,2024-05-05 11:32:58 +0200 CEST,2024-05-05 11:32:58 +0200 CEST,2024-05-05T11:33:38+02:00,2024-05-05T11:33:38+02:00
nginx-deployment-43,nginx-deployment-43-d4f4c5866-gq7ts,2024-05-05T11:33:03+02:00,2024-05-05 11:33:06 +0200 CEST,2024-05-05 11:33:06 +0200 CEST,2024-05-05 11:33:07 +0200 CEST,2024-05-05 11:33:07 +0200 CEST,2024-05-05T11:33:44+02:00,2024-05-05T11:33:44+02:00
nginx-deployment-69,nginx-deployment-69-8cff5c674-sfcqs,2024-05-05T11:33:08+02:00,2024-05-05 11:33:12 +0200 CEST,2024-05-05 11:33:12 +0200 CEST,2024-05-05 11:33:13 +0200 CEST,2024-05-05 11:33:13 +0200 CEST,2024-05-05T11:33:49+02:00,2024-05-05T11:33:49+02:00
nginx-deployment-23,nginx-deployment-23-5ff87b974d-mmr8q,2024-05-05T11:32:59+02:00,2024-05-05 11:33:01 +0200 CEST,2024-05-05 11:33:01 +0200 CEST,2024-05-05 11:33:02 +0200 CEST,2024-05-05 11:33:02 +0200 CEST,2024-05-05T11:33:40+02:00,2024-05-05T11:33:40+02:00
nginx-deployment-33,nginx-deployment-33-7bf954f9d9-qskth,2024-05-05T11:33:01+02:00,2024-05-05 11:33:03 +0200 CEST,2024-05-05 11:33:03 +0200 CEST,2024-05-05 11:33:04 +0200 CEST,2024-05-05 11:33:04 +0200 CEST,2024-05-05T11:33:42+02:00,2024-05-05T11:33:42+02:00
nginx-deployment-41,nginx-deployment-41-8f84b89f6-lhzx5,2024-05-05T11:33:03+02:00,2024-05-05 11:33:05 +0200 CEST,2024-05-05 11:33:05 +0200 CEST,2024-05-05 11:33:07 +0200 CEST,2024-05-05 11:33:07 +0200 CEST,2024-05-05T11:33:44+02:00,2024-05-05T11:33:44+02:00
nginx-deployment-49,nginx-deployment-49-5d8b9d764d-nvm5j,2024-05-05T11:33:04+02:00,2024-05-05 11:33:07 +0200 CEST,2024-05-05 11:33:07 +0200 CEST,2024-05-05 11:33:09 +0200 CEST,2024-05-05 11:33:09 +0200 CEST,2024-05-05T11:33:45+02:00,2024-05-05T11:33:45+02:00
nginx-deployment-76,nginx-deployment-76-596c4d77d6-9m4lr,2024-05-05T11:33:10+02:00,2024-05-05 11:33:14 +0200 CEST,2024-05-05 11:33:13 +0200 CEST,2024-05-05 11:33:15 +0200 CEST,2024-05-05 11:33:15 +0200 CEST,2024-05-05T11:33:51+02:00,2024-05-05T11:33:51+02:00
nginx-deployment-82,nginx-deployment-82-56f6fd4fb9-wm9xf,2024-05-05T11:33:11+02:00,2024-05-05 11:33:15 +0200 CEST,2024-05-05 11:33:15 +0200 CEST,2024-05-05 11:33:16 +0200 CEST,2024-05-05 11:33:16 +0200 CEST,2024-05-05T11:33:52+02:00,2024-05-05T11:33:52+02:00
nginx-deployment-87,nginx-deployment-87-c7f4d4586-v6kmd,2024-05-05T11:33:12+02:00,2024-05-05 11:33:16 +0200 CEST,2024-05-05 11:33:16 +0200 CEST,2024-05-05 11:33:17 +0200 CEST,2024-05-05 11:33:17 +0200 CEST,2024-05-05T11:33:53+02:00,2024-05-05T11:33:53+02:00
nginx-deployment-20,nginx-deployment-20-65778d49b9-jgh28,2024-05-05T11:32:58+02:00,2024-05-05 11:33:00 +0200 CEST,2024-05-05 11:33:00 +0200 CEST,2024-05-05 11:33:01 +0200 CEST,2024-05-05 11:33:01 +0200 CEST,2024-05-05T11:33:39+02:00,2024-05-05T11:33:39+02:00
nginx-deployment-32,nginx-deployment-32-dd88f4594-qpdwd,2024-05-05T11:33:01+02:00,2024-05-05 11:33:03 +0200 CEST,2024-05-05 11:33:03 +0200 CEST,2024-05-05 11:33:04 +0200 CEST,2024-05-05 11:33:04 +0200 CEST,2024-05-05T11:33:42+02:00,2024-05-05T11:33:42+02:00
nginx-deployment-37,nginx-deployment-37-7649484d6f-rpm9k,2024-05-05T11:33:02+02:00,2024-05-05 11:33:04 +0200 CEST,2024-05-05 11:33:04 +0200 CEST,2024-05-05 11:33:05 +0200 CEST,2024-05-05 11:33:05 +0200 CEST,2024-05-05T11:33:43+02:00,2024-05-05T11:33:43+02:00
nginx-deployment-67,nginx-deployment-67-fcf7f4f5b-h47h5,2024-05-05T11:33:08+02:00,2024-05-05 11:33:12 +0200 CEST,2024-05-05 11:33:12 +0200 CEST,2024-05-05 11:33:13 +0200 CEST,2024-05-05 11:33:13 +0200 CEST,2024-05-05T11:33:49+02:00,2024-05-05T11:33:49+02:00
nginx-deployment-79,nginx-deployment-79-6cf947db99-nlr9c,2024-05-05T11:33:10+02:00,2024-05-05 11:33:14 +0200 CEST,2024-05-05 11:33:14 +0200 CEST,2024-05-05 11:33:16 +0200 CEST,2024-05-05 11:33:16 +0200 CEST,2024-05-05T11:33:51+02:00,2024-05-05T11:33:51+02:00
nginx-deployment-80,nginx-deployment-80-75855df47f-wsb6b,2024-05-05T11:33:10+02:00,2024-05-05 11:33:15 +0200 CEST,2024-05-05 11:33:15 +0200 CEST,2024-05-05 11:33:16 +0200 CEST,2024-05-05 11:33:16 +0200 CEST,2024-05-05T11:33:51+02:00,2024-05-05T11:33:51+02:00
nginx-deployment-15,nginx-deployment-15-5485c45997-99mfn,2024-05-05T11:32:57+02:00,2024-05-05 11:32:58 +0200 CEST,2024-05-05 11:32:58 +0200 CEST,2024-05-05 11:33:00 +0200 CEST,2024-05-05 11:33:00 +0200 CEST,2024-05-05T11:33:38+02:00,2024-05-05T11:33:38+02:00
nginx-deployment-30,nginx-deployment-30-6f54fd7668-6rcdl,2024-05-05T11:33:00+02:00,2024-05-05 11:33:02 +0200 CEST,2024-05-05 11:33:02 +0200 CEST,2024-05-05 11:33:04 +0200 CEST,2024-05-05 11:33:04 +0200 CEST,2024-05-05T11:33:41+02:00,2024-05-05T11:33:41+02:00
nginx-deployment-34,nginx-deployment-34-685c45b48-7zh4h,2024-05-05T11:33:02+02:00,2024-05-05 11:33:04 +0200 CEST,2024-05-05 11:33:04 +0200 CEST,2024-05-05 11:33:05 +0200 CEST,2024-05-05 11:33:05 +0200 CEST,2024-05-05T11:33:42+02:00,2024-05-05T11:33:42+02:00
nginx-deployment-46,nginx-deployment-46-6fdb58d7c7-d8n5r,2024-05-05T11:33:04+02:00,2024-05-05 11:33:06 +0200 CEST,2024-05-05 11:33:06 +0200 CEST,2024-05-05 11:33:08 +0200 CEST,2024-05-05 11:33:08 +0200 CEST,2024-05-05T11:33:45+02:00,2024-05-05T11:33:45+02:00
nginx-deployment-51,nginx-deployment-51-57dc55fc7c-24ww7,2024-05-05T11:33:05+02:00,2024-05-05 11:33:08 +0200 CEST,2024-05-05 11:33:08 +0200 CEST,2024-05-05 11:33:09 +0200 CEST,2024-05-05 11:33:09 +0200 CEST,2024-05-05T11:33:46+02:00,2024-05-05T11:33:46+02:00
nginx-deployment-75,nginx-deployment-75-6c7cd6c77f-xrmwq,2024-05-05T11:33:09+02:00,2024-05-05 11:33:13 +0200 CEST,2024-05-05 11:33:13 +0200 CEST,2024-05-05 11:33:15 +0200 CEST,2024-05-05 11:33:15 +0200 CEST,2024-05-05T11:33:50+02:00,2024-05-05T11:33:50+02:00
nginx-deployment-90,nginx-deployment-90-d6954f894-zgd58,2024-05-05T11:33:12+02:00,2024-05-05 11:33:17 +0200 CEST,2024-05-05 11:33:17 +0200 CEST,2024-05-05 11:33:18 +0200 CEST,2024-05-05 11:33:18 +0200 CEST,2024-05-05T11:33:53+02:00,2024-05-05T11:33:53+02:00
nginx-deployment-95,nginx-deployment-95-76bc5864df-8djlb,2024-05-05T11:33:13+02:00,2024-05-05 11:33:18 +0200 CEST,2024-05-05 11:33:18 +0200 CEST,2024-05-05 11:33:19 +0200 CEST,2024-05-05 11:33:19 +0200 CEST,2024-05-05T11:33:55+02:00,2024-05-05T11:33:55+02:00
nginx-deployment-36,nginx-deployment-36-65dd6fc998-7zg8v,2024-05-05T11:33:02+02:00,2024-05-05 11:33:04 +0200 CEST,2024-05-05 11:33:04 +0200 CEST,2024-05-05 11:33:05 +0200 CEST,2024-05-05 11:33:05 +0200 CEST,2024-05-05T11:33:43+02:00,2024-05-05T11:33:43+02:00
nginx-deployment-44,nginx-deployment-44-6796b99579-nj7kj,2024-05-05T11:33:03+02:00,2024-05-05 11:33:06 +0200 CEST,2024-05-05 11:33:06 +0200 CEST,2024-05-05 11:33:07 +0200 CEST,2024-05-05 11:33:07 +0200 CEST,2024-05-05T11:33:44+02:00,2024-05-05T11:33:44+02:00
nginx-deployment-60,nginx-deployment-60-7677b7cb5-b275g,2024-05-05T11:33:06+02:00,2024-05-05 11:33:10 +0200 CEST,2024-05-05 11:33:10 +0200 CEST,2024-05-05 11:33:11 +0200 CEST,2024-05-05 11:33:11 +0200 CEST,2024-05-05T11:33:47+02:00,2024-05-05T11:33:47+02:00
nginx-deployment-62,nginx-deployment-62-644cfd5847-lr5fc,2024-05-05T11:33:07+02:00,2024-05-05 11:33:10 +0200 CEST,2024-05-05 11:33:10 +0200 CEST,2024-05-05 11:33:12 +0200 CEST,2024-05-05 11:33:12 +0200 CEST,2024-05-05T11:33:48+02:00,2024-05-05T11:33:48+02:00
nginx-deployment-64,nginx-deployment-64-854444f55c-vmn6f,2024-05-05T11:33:07+02:00,2024-05-05 11:33:11 +0200 CEST,2024-05-05 11:33:11 +0200 CEST,2024-05-05 11:33:12 +0200 CEST,2024-05-05 11:33:12 +0200 CEST,2024-05-05T11:33:48+02:00,2024-05-05T11:33:48+02:00
nginx-deployment-86,nginx-deployment-86-5d59cbd6d5-jzvzr,2024-05-05T11:33:12+02:00,2024-05-05 11:33:16 +0200 CEST,2024-05-05 11:33:16 +0200 CEST,2024-05-05 11:33:17 +0200 CEST,2024-05-05 11:33:17 +0200 CEST,2024-05-05T11:33:53+02:00,2024-05-05T11:33:53+02:00
nginx-deployment-92,nginx-deployment-92-6954466dcb-qjm75,2024-05-05T11:33:13+02:00,2024-05-05 11:33:17 +0200 CEST,2024-05-05 11:33:17 +0200 CEST,2024-05-05 11:33:19 +0200 CEST,2024-05-05 11:33:19 +0200 CEST,2024-05-05T11:33:54+02:00,2024-05-05T11:33:54+02:00
nginx-deployment-94,nginx-deployment-94-6c87c9c9bb-ngmv6,2024-05-05T11:33:13+02:00,2024-05-05 11:33:18 +0200 CEST,2024-05-05 11:33:18 +0200 CEST,2024-05-05 11:33:19 +0200 CEST,2024-05-05 11:33:19 +0200 CEST,2024-05-05T11:33:54+02:00,2024-05-05T11:33:54+02:00
nginx-deployment-38,nginx-deployment-38-bf57b78dd-q7lb6,2024-05-05T11:33:02+02:00,2024-05-05 11:33:04 +0200 CEST,2024-05-05 11:33:04 +0200 CEST,2024-05-05 11:33:06 +0200 CEST,2024-05-05 11:33:06 +0200 CEST,2024-05-05T11:33:43+02:00,2024-05-05T11:33:43+02:00
nginx-deployment-53,nginx-deployment-53-7b894c6f75-2z48m,2024-05-05T11:33:05+02:00,2024-05-05 11:33:08 +0200 CEST,2024-05-05 11:33:08 +0200 CEST,2024-05-05 11:33:09 +0200 CEST,2024-05-05 11:33:09 +0200 CEST,2024-05-05T11:33:47+02:00,2024-05-05T11:33:47+02:00
nginx-deployment-22,nginx-deployment-22-d98d7bc79-428p2,2024-05-05T11:32:59+02:00,2024-05-05 11:33:00 +0200 CEST,2024-05-05 11:33:00 +0200 CEST,2024-05-05 11:33:01 +0200 CEST,2024-05-05 11:33:01 +0200 CEST,2024-05-05T11:33:40+02:00,2024-05-05T11:33:40+02:00
nginx-deployment-57,nginx-deployment-57-5b544668cf-v5trl,2024-05-05T11:33:06+02:00,2024-05-05 11:33:09 +0200 CEST,2024-05-05 11:33:09 +0200 CEST,2024-05-05 11:33:10 +0200 CEST,2024-05-05 11:33:10 +0200 CEST,2024-05-05T11:33:47+02:00,2024-05-05T11:33:47+02:00
nginx-deployment-61,nginx-deployment-61-78f8868fbb-7x2mr,2024-05-05T11:33:07+02:00,2024-05-05 11:33:10 +0200 CEST,2024-05-05 11:33:10 +0200 CEST,2024-05-05 11:33:11 +0200 CEST,2024-05-05 11:33:11 +0200 CEST,2024-05-05T11:33:48+02:00,2024-05-05T11:33:48+02:00
nginx-deployment-63,nginx-deployment-63-bf75d769b-hlc9q,2024-05-05T11:33:07+02:00,2024-05-05 11:33:10 +0200 CEST,2024-05-05 11:33:10 +0200 CEST,2024-05-05 11:33:11 +0200 CEST,2024-05-05 11:33:11 +0200 CEST,2024-05-05T11:33:48+02:00,2024-05-05T11:33:48+02:00
nginx-deployment-72,nginx-deployment-72-5f794d9598-vd9ps,2024-05-05T11:33:09+02:00,2024-05-05 11:33:13 +0200 CEST,2024-05-05 11:33:13 +0200 CEST,2024-05-05 11:33:14 +0200 CEST,2024-05-05 11:33:14 +0200 CEST,2024-05-05T11:33:50+02:00,2024-05-05T11:33:50+02:00
nginx-deployment-77,nginx-deployment-77-59b5df8c97-dtnjq,2024-05-05T11:33:10+02:00,2024-05-05 11:33:14 +0200 CEST,2024-05-05 11:33:14 +0200 CEST,2024-05-05 11:33:15 +0200 CEST,2024-05-05 11:33:15 +0200 CEST,2024-05-05T11:33:51+02:00,2024-05-05T11:33:51+02:00
nginx-deployment-97,nginx-deployment-97-64bfb56b9f-b5fk8,2024-05-05T11:33:14+02:00,2024-05-05 11:33:18 +0200 CEST,2024-05-05 11:33:18 +0200 CEST,2024-05-05 11:33:20 +0200 CEST,2024-05-05 11:33:20 +0200 CEST,2024-05-05T11:33:55+02:00,2024-05-05T11:33:55+02:00
nginx-deployment-4,nginx-deployment-4-96fb5d45c-4tqrn,2024-05-05T11:32:57+02:00,2024-05-05 11:32:57 +0200 CEST,2024-05-05 11:32:57 +0200 CEST,2024-05-05 11:32:58 +0200 CEST,2024-05-05 11:32:58 +0200 CEST,2024-05-05T11:33:38+02:00,2024-05-05T11:33:38+02:00
nginx-deployment-8,nginx-deployment-8-76c5cbb769-tvdtp,2024-05-05T11:32:57+02:00,2024-05-05 11:32:57 +0200 CEST,2024-05-05 11:32:57 +0200 CEST,2024-05-05 11:32:58 +0200 CEST,2024-05-05 11:32:58 +0200 CEST,2024-05-05T11:33:38+02:00,2024-05-05T11:33:38+02:00
nginx-deployment-14,nginx-deployment-14-8656cb6c9d-g5k4c,2024-05-05T11:32:57+02:00,2024-05-05 11:32:58 +0200 CEST,2024-05-05 11:32:58 +0200 CEST,2024-05-05 11:33:00 +0200 CEST,2024-05-05 11:33:00 +0200 CEST,2024-05-05T11:33:38+02:00,2024-05-05T11:33:38+02:00
nginx-deployment-18,nginx-deployment-18-7488c586fd-9gclt,2024-05-05T11:32:58+02:00,2024-05-05 11:32:59 +0200 CEST,2024-05-05 11:32:59 +0200 CEST,2024-05-05 11:33:01 +0200 CEST,2024-05-05 11:33:01 +0200 CEST,2024-05-05T11:33:39+02:00,2024-05-05T11:33:39+02:00
nginx-deployment-28,nginx-deployment-28-5cdd78569-9ggll,2024-05-05T11:33:00+02:00,2024-05-05 11:33:02 +0200 CEST,2024-05-05 11:33:02 +0200 CEST,2024-05-05 11:33:03 +0200 CEST,2024-05-05 11:33:03 +0200 CEST,2024-05-05T11:33:41+02:00,2024-05-05T11:33:41+02:00
nginx-deployment-42,nginx-deployment-42-6cf79d7557-999wb,2024-05-05T11:33:03+02:00,2024-05-05 11:33:05 +0200 CEST,2024-05-05 11:33:05 +0200 CEST,2024-05-05 11:33:07 +0200 CEST,2024-05-05 11:33:07 +0200 CEST,2024-05-05T11:33:44+02:00,2024-05-05T11:33:44+02:00
nginx-deployment-47,nginx-deployment-47-c9d8c894b-wdkfd,2024-05-05T11:33:04+02:00,2024-05-05 11:33:07 +0200 CEST,2024-05-05 11:33:07 +0200 CEST,2024-05-05 11:33:08 +0200 CEST,2024-05-05 11:33:08 +0200 CEST,2024-05-05T11:33:45+02:00,2024-05-05T11:33:45+02:00
nginx-deployment-84,nginx-deployment-84-6d59796895-qvnc5,2024-05-05T11:33:12+02:00,2024-05-05 11:33:15 +0200 CEST,2024-05-05 11:33:15 +0200 CEST,2024-05-05 11:33:17 +0200 CEST,2024-05-05 11:33:17 +0200 CEST,2024-05-05T11:33:52+02:00,2024-05-05T11:33:52+02:00
nginx-deployment-89,nginx-deployment-89-7d5d77554d-jcrx6,2024-05-05T11:33:12+02:00,2024-05-05 11:33:17 +0200 CEST,2024-05-05 11:33:17 +0200 CEST,2024-05-05 11:33:18 +0200 CEST,2024-05-05 11:33:18 +0200 CEST,2024-05-05T11:33:53+02:00,2024-05-05T11:33:53+02:00
nginx-deployment-91,nginx-deployment-91-7cffd848bf-dj4zt,2024-05-05T11:33:13+02:00,2024-05-05 11:33:17 +0200 CEST,2024-05-05 11:33:17 +0200 CEST,2024-05-05 11:33:19 +0200 CEST,2024-05-05 11:33:19 +0200 CEST,2024-05-05T11:33:54+02:00,2024-05-05T11:33:54+02:00
nginx-deployment-11,nginx-deployment-11-9677cfb57-x5wr9,2024-05-05T11:32:57+02:00,2024-05-05 11:32:57 +0200 CEST,2024-05-05 11:32:57 +0200 CEST,2024-05-05 11:32:58 +0200 CEST,2024-05-05 11:32:58 +0200 CEST,2024-05-05T11:33:38+02:00,2024-05-05T11:33:38+02:00
nginx-deployment-29,nginx-deployment-29-7db9ff4494-mrjpl,2024-05-05T11:33:00+02:00,2024-05-05 11:33:02 +0200 CEST,2024-05-05 11:33:02 +0200 CEST,2024-05-05 11:33:04 +0200 CEST,2024-05-05 11:33:04 +0200 CEST,2024-05-05T11:33:41+02:00,2024-05-05T11:33:41+02:00
nginx-deployment-55,nginx-deployment-55-6df5fddb57-227vl,2024-05-05T11:33:05+02:00,2024-05-05 11:33:09 +0200 CEST,2024-05-05 11:33:09 +0200 CEST,2024-05-05 11:33:10 +0200 CEST,2024-05-05 11:33:10 +0200 CEST,2024-05-05T11:33:47+02:00,2024-05-05T11:33:47+02:00
nginx-deployment-70,nginx-deployment-70-6c79ccc7fb-4qknl,2024-05-05T11:33:08+02:00,2024-05-05 11:33:12 +0200 CEST,2024-05-05 11:33:12 +0200 CEST,2024-05-05 11:33:13 +0200 CEST,2024-05-05 11:33:13 +0200 CEST,2024-05-05T11:33:50+02:00,2024-05-05T11:33:50+02:00
nginx-deployment-81,nginx-deployment-81-78c7b48c5b-n9q9k,2024-05-05T11:33:11+02:00,2024-05-05 11:33:15 +0200 CEST,2024-05-05 11:33:15 +0200 CEST,2024-05-05 11:33:16 +0200 CEST,2024-05-05 11:33:16 +0200 CEST,2024-05-05T11:33:52+02:00,2024-05-05T11:33:52+02:00
nginx-deployment-93,nginx-deployment-93-568dd7768c-5d8mk,2024-05-05T11:33:13+02:00,2024-05-05 11:33:18 +0200 CEST,2024-05-05 11:33:18 +0200 CEST,2024-05-05 11:33:19 +0200 CEST,2024-05-05 11:33:19 +0200 CEST,2024-05-05T11:33:54+02:00,2024-05-05T11:33:54+02:00
