DeploymentName,PodName,DeploymentTime,PodScheduled,Initialized,PodReadyToStartContainers,ContainersReady,Ready,DeleteTime,CleanUpTime
deploy-test-245,deploy-test-245-689968f4bd-2txh5,2024-05-16T19:39:54+02:00,2024-05-16 19:40:04 +0200 CEST,2024-05-16 19:40:04 +0200 CEST,2024-05-16 19:40:16 +0200 CEST,2024-05-16 19:40:16 +0200 CEST,2024-05-16 19:40:16 +0200 CEST,2024-05-16T19:42:20+02:00,2024-05-16T19:42:21+02:00
deploy-test-188,deploy-test-188-7b7999c8-29zjp,2024-05-16T19:39:43+02:00,2024-05-16 19:39:52 +0200 CEST,2024-05-16 19:39:52 +0200 CEST,2024-05-16 19:39:54 +0200 CEST,2024-05-16 19:39:55 +0200 CEST,2024-05-16 19:39:55 +0200 CEST,2024-05-16T19:42:09+02:00,2024-05-16T19:42:10+02:00
deploy-test-275,deploy-test-275-89ddcb7df-z5hr4,2024-05-16T19:40:00+02:00,2024-05-16 19:40:11 +0200 CEST,2024-05-16 19:40:11 +0200 CEST,2024-05-16 19:40:16 +0200 CEST,2024-05-16 19:40:16 +0200 CEST,2024-05-16 19:40:16 +0200 CEST,2024-05-16T19:42:26+02:00,2024-05-16T19:42:28+02:00
deploy-test-286,deploy-test-286-6b4ffb85cf-zc8tv,2024-05-16T19:40:02+02:00,2024-05-16 19:40:14 +0200 CEST,2024-05-16 19:40:14 +0200 CEST,2024-05-16 19:40:20 +0200 CEST,2024-05-16 19:40:20 +0200 CEST,2024-05-16 19:40:20 +0200 CEST,2024-05-16T19:42:28+02:00,2024-05-16T19:42:30+02:00
deploy-test-300,deploy-test-300-85f47f8c8d-pqlrs,2024-05-16T19:40:05+02:00,2024-05-16 19:40:18 +0200 CEST,2024-05-16 19:40:18 +0200 CEST,2024-05-16 19:40:26 +0200 CEST,2024-05-16 19:40:26 +0200 CEST,2024-05-16 19:40:26 +0200 CEST,2024-05-16T19:42:31+02:00,2024-05-16T19:42:33+02:00
deploy-test-73,deploy-test-73-6bbb59c559-nqhjr,2024-05-16T19:39:20+02:00,2024-05-16 19:39:24 +0200 CEST,2024-05-16 19:39:24 +0200 CEST,2024-05-16 19:39:25 +0200 CEST,2024-05-16 19:39:25 +0200 CEST,2024-05-16 19:39:25 +0200 CEST,2024-05-16T19:41:46+02:00,2024-05-16T19:41:47+02:00
deploy-test-93,deploy-test-93-58f59b7b5c-4qjkf,2024-05-16T19:39:24+02:00,2024-05-16 19:39:29 +0200 CEST,2024-05-16 19:39:29 +0200 CEST,2024-05-16 19:39:30 +0200 CEST,2024-05-16 19:39:31 +0200 CEST,2024-05-16 19:39:31 +0200 CEST,2024-05-16T19:41:50+02:00,2024-05-16T19:41:52+02:00
deploy-test-185,deploy-test-185-557c764b5f-v9hlh,2024-05-16T19:39:42+02:00,2024-05-16 19:39:51 +0200 CEST,2024-05-16 19:39:51 +0200 CEST,2024-05-16 19:39:53 +0200 CEST,2024-05-16 19:39:53 +0200 CEST,2024-05-16 19:39:53 +0200 CEST,2024-05-16T19:42:08+02:00,2024-05-16T19:42:10+02:00
deploy-test-3,deploy-test-3-c958f595b-zs4bk,2024-05-16T19:39:07+02:00,2024-05-16 19:39:07 +0200 CEST,2024-05-16 19:39:07 +0200 CEST,2024-05-16 19:39:09 +0200 CEST,2024-05-16 19:39:09 +0200 CEST,2024-05-16 19:39:09 +0200 CEST,2024-05-16T19:41:33+02:00,2024-05-16T19:41:35+02:00
deploy-test-272,deploy-test-272-55d7cfd486-d272w,2024-05-16T19:40:00+02:00,2024-05-16 19:40:10 +0200 CEST,2024-05-16 19:40:10 +0200 CEST,2024-05-16 19:40:15 +0200 CEST,2024-05-16 19:40:15 +0200 CEST,2024-05-16 19:40:15 +0200 CEST,2024-05-16T19:42:26+02:00,2024-05-16T19:42:27+02:00
deploy-test-278,deploy-test-278-5bbc769d8-5b8sf,2024-05-16T19:40:01+02:00,2024-05-16 19:40:12 +0200 CEST,2024-05-16 19:40:12 +0200 CEST,2024-05-16 19:40:17 +0200 CEST,2024-05-16 19:40:17 +0200 CEST,2024-05-16 19:40:17 +0200 CEST,2024-05-16T19:42:27+02:00,2024-05-16T19:42:29+02:00
deploy-test-297,deploy-test-297-74ff465665-vmcpc,2024-05-16T19:40:05+02:00,2024-05-16 19:40:17 +0200 CEST,2024-05-16 19:40:17 +0200 CEST,2024-05-16 19:40:25 +0200 CEST,2024-05-16 19:40:25 +0200 CEST,2024-05-16 19:40:25 +0200 CEST,2024-05-16T19:42:31+02:00,2024-05-16T19:42:32+02:00
deploy-test-1,deploy-test-1-b65b8967d-pz86v,2024-05-16T19:39:07+02:00,2024-05-16 19:39:07 +0200 CEST,2024-05-16 19:39:07 +0200 CEST,2024-05-16 19:39:09 +0200 CEST,2024-05-16 19:39:09 +0200 CEST,2024-05-16 19:39:09 +0200 CEST,2024-05-16T19:41:33+02:00,2024-05-16T19:41:35+02:00
deploy-test-153,deploy-test-153-8bd5579fd-mz4dt,2024-05-16T19:39:36+02:00,2024-05-16 19:39:44 +0200 CEST,2024-05-16 19:39:44 +0200 CEST,2024-05-16 19:39:45 +0200 CEST,2024-05-16 19:39:45 +0200 CEST,2024-05-16 19:39:45 +0200 CEST,2024-05-16T19:42:02+02:00,2024-05-16T19:42:03+02:00
deploy-test-215,deploy-test-215-588f4bd7f5-pxvj9,2024-05-16T19:39:48+02:00,2024-05-16 19:39:57 +0200 CEST,2024-05-16 19:39:57 +0200 CEST,2024-05-16 19:40:05 +0200 CEST,2024-05-16 19:40:05 +0200 CEST,2024-05-16 19:40:05 +0200 CEST,2024-05-16T19:42:14+02:00,2024-05-16T19:42:15+02:00
deploy-test-49,deploy-test-49-75ff4fc6b8-knwd5,2024-05-16T19:39:15+02:00,2024-05-16 19:39:18 +0200 CEST,2024-05-16 19:39:18 +0200 CEST,2024-05-16 19:39:20 +0200 CEST,2024-05-16 19:39:20 +0200 CEST,2024-05-16 19:39:20 +0200 CEST,2024-05-16T19:41:41+02:00,2024-05-16T19:41:43+02:00
deploy-test-169,deploy-test-169-647c954dd9-q828p,2024-05-16T19:39:39+02:00,2024-05-16 19:39:48 +0200 CEST,2024-05-16 19:39:48 +0200 CEST,2024-05-16 19:39:49 +0200 CEST,2024-05-16 19:39:49 +0200 CEST,2024-05-16 19:39:49 +0200 CEST,2024-05-16T19:42:05+02:00,2024-05-16T19:42:06+02:00
deploy-test-140,deploy-test-140-5bfd66b6f4-7pvf4,2024-05-16T19:39:33+02:00,2024-05-16 19:39:40 +0200 CEST,2024-05-16 19:39:40 +0200 CEST,2024-05-16 19:39:42 +0200 CEST,2024-05-16 19:39:42 +0200 CEST,2024-05-16 19:39:42 +0200 CEST,2024-05-16T19:41:59+02:00,2024-05-16T19:42:00+02:00
deploy-test-182,deploy-test-182-758d94fcfb-slft5,2024-05-16T19:39:42+02:00,2024-05-16 19:39:50 +0200 CEST,2024-05-16 19:39:50 +0200 CEST,2024-05-16 19:39:52 +0200 CEST,2024-05-16 19:39:53 +0200 CEST,2024-05-16 19:39:53 +0200 CEST,2024-05-16T19:42:08+02:00,2024-05-16T19:42:09+02:00
deploy-test-216,deploy-test-216-7f5d7bb4f6-cp4fz,2024-05-16T19:39:49+02:00,2024-05-16 19:39:58 +0200 CEST,2024-05-16 19:39:58 +0200 CEST,2024-05-16 19:40:06 +0200 CEST,2024-05-16 19:40:06 +0200 CEST,2024-05-16 19:40:06 +0200 CEST,2024-05-16T19:42:14+02:00,2024-05-16T19:42:15+02:00
deploy-test-226,deploy-test-226-5888fc85c-59gst,2024-05-16T19:39:50+02:00,2024-05-16 19:40:00 +0200 CEST,2024-05-16 19:40:00 +0200 CEST,2024-05-16 19:40:10 +0200 CEST,2024-05-16 19:40:10 +0200 CEST,2024-05-16 19:40:10 +0200 CEST,2024-05-16T19:42:16+02:00,2024-05-16T19:42:17+02:00
deploy-test-234,deploy-test-234-64d7c4cd76-lzt79,2024-05-16T19:39:52+02:00,2024-05-16 19:40:02 +0200 CEST,2024-05-16 19:40:02 +0200 CEST,2024-05-16 19:40:12 +0200 CEST,2024-05-16 19:40:12 +0200 CEST,2024-05-16 19:40:12 +0200 CEST,2024-05-16T19:42:18+02:00,2024-05-16T19:42:19+02:00
deploy-test-23,deploy-test-23-5bd4cbdd88-gzg72,2024-05-16T19:39:10+02:00,2024-05-16 19:39:12 +0200 CEST,2024-05-16 19:39:12 +0200 CEST,2024-05-16 19:39:13 +0200 CEST,2024-05-16 19:39:14 +0200 CEST,2024-05-16 19:39:14 +0200 CEST,2024-05-16T19:41:36+02:00,2024-05-16T19:41:37+02:00
deploy-test-78,deploy-test-78-d95ccc96-fxjw6,2024-05-16T19:39:21+02:00,2024-05-16 19:39:25 +0200 CEST,2024-05-16 19:39:25 +0200 CEST,2024-05-16 19:39:27 +0200 CEST,2024-05-16 19:39:27 +0200 CEST,2024-05-16 19:39:27 +0200 CEST,2024-05-16T19:41:47+02:00,2024-05-16T19:41:48+02:00
deploy-test-101,deploy-test-101-56dcc9f747-2mkh7,2024-05-16T19:39:25+02:00,2024-05-16 19:39:31 +0200 CEST,2024-05-16 19:39:31 +0200 CEST,2024-05-16 19:39:32 +0200 CEST,2024-05-16 19:39:32 +0200 CEST,2024-05-16 19:39:32 +0200 CEST,2024-05-16T19:41:52+02:00,2024-05-16T19:41:53+02:00
deploy-test-266,deploy-test-266-76ddcdd7c7-xm262,2024-05-16T19:39:58+02:00,2024-05-16 19:40:09 +0200 CEST,2024-05-16 19:40:09 +0200 CEST,2024-05-16 19:40:13 +0200 CEST,2024-05-16 19:40:13 +0200 CEST,2024-05-16 19:40:13 +0200 CEST,2024-05-16T19:42:24+02:00,2024-05-16T19:42:26+02:00
deploy-test-270,deploy-test-270-549797964-jpv9r,2024-05-16T19:39:59+02:00,2024-05-16 19:40:10 +0200 CEST,2024-05-16 19:40:10 +0200 CEST,2024-05-16 19:40:15 +0200 CEST,2024-05-16 19:40:15 +0200 CEST,2024-05-16 19:40:15 +0200 CEST,2024-05-16T19:42:25+02:00,2024-05-16T19:42:27+02:00
deploy-test-97,deploy-test-97-7b9664bb57-pxnf2,2024-05-16T19:39:25+02:00,2024-05-16 19:39:30 +0200 CEST,2024-05-16 19:39:30 +0200 CEST,2024-05-16 19:39:31 +0200 CEST,2024-05-16 19:39:32 +0200 CEST,2024-05-16 19:39:32 +0200 CEST,2024-05-16T19:41:51+02:00,2024-05-16T19:41:52+02:00
deploy-test-99,deploy-test-99-84db77fbbc-mln2l,2024-05-16T19:39:25+02:00,2024-05-16 19:39:30 +0200 CEST,2024-05-16 19:39:30 +0200 CEST,2024-05-16 19:39:32 +0200 CEST,2024-05-16 19:39:32 +0200 CEST,2024-05-16 19:39:32 +0200 CEST,2024-05-16T19:41:51+02:00,2024-05-16T19:41:52+02:00
deploy-test-162,deploy-test-162-599657fff4-zlpzt,2024-05-16T19:39:38+02:00,2024-05-16 19:39:45 +0200 CEST,2024-05-16 19:39:45 +0200 CEST,2024-05-16 19:39:49 +0200 CEST,2024-05-16 19:39:49 +0200 CEST,2024-05-16 19:39:49 +0200 CEST,2024-05-16T19:42:04+02:00,2024-05-16T19:42:04+02:00
deploy-test-200,deploy-test-200-78d6dc5665-gq967,2024-05-16T19:39:45+02:00,2024-05-16 19:39:54 +0200 CEST,2024-05-16 19:39:54 +0200 CEST,2024-05-16 19:39:59 +0200 CEST,2024-05-16 19:39:59 +0200 CEST,2024-05-16 19:39:59 +0200 CEST,2024-05-16T19:42:11+02:00,2024-05-16T19:42:12+02:00
deploy-test-209,deploy-test-209-b5fc4db96-mhzxq,2024-05-16T19:39:47+02:00,2024-05-16 19:39:56 +0200 CEST,2024-05-16 19:39:56 +0200 CEST,2024-05-16 19:40:03 +0200 CEST,2024-05-16 19:40:03 +0200 CEST,2024-05-16 19:40:03 +0200 CEST,2024-05-16T19:42:13+02:00,2024-05-16T19:42:15+02:00
deploy-test-247,deploy-test-247-949d7fc5d-cxrnv,2024-05-16T19:39:55+02:00,2024-05-16 19:40:05 +0200 CEST,2024-05-16 19:40:05 +0200 CEST,2024-05-16 19:40:17 +0200 CEST,2024-05-16 19:40:18 +0200 CEST,2024-05-16 19:40:18 +0200 CEST,2024-05-16T19:42:21+02:00,2024-05-16T19:42:22+02:00
deploy-test-84,deploy-test-84-5db46c47cc-dwnx5,2024-05-16T19:39:22+02:00,2024-05-16 19:39:27 +0200 CEST,2024-05-16 19:39:27 +0200 CEST,2024-05-16 19:39:28 +0200 CEST,2024-05-16 19:39:29 +0200 CEST,2024-05-16 19:39:29 +0200 CEST,2024-05-16T19:41:48+02:00,2024-05-16T19:41:50+02:00
deploy-test-107,deploy-test-107-77678f9d77-n4xfz,2024-05-16T19:39:27+02:00,2024-05-16 19:39:32 +0200 CEST,2024-05-16 19:39:32 +0200 CEST,2024-05-16 19:39:34 +0200 CEST,2024-05-16 19:39:34 +0200 CEST,2024-05-16 19:39:34 +0200 CEST,2024-05-16T19:41:53+02:00,2024-05-16T19:41:54+02:00
deploy-test-167,deploy-test-167-574c5c7599-dn4wd,2024-05-16T19:39:39+02:00,2024-05-16 19:39:46 +0200 CEST,2024-05-16 19:39:46 +0200 CEST,2024-05-16 19:39:49 +0200 CEST,2024-05-16 19:39:49 +0200 CEST,2024-05-16 19:39:49 +0200 CEST,2024-05-16T19:42:05+02:00,2024-05-16T19:42:06+02:00
deploy-test-166,deploy-test-166-89fb945f8-wjgc7,2024-05-16T19:39:38+02:00,2024-05-16 19:39:46 +0200 CEST,2024-05-16 19:39:46 +0200 CEST,2024-05-16 19:39:48 +0200 CEST,2024-05-16 19:39:49 +0200 CEST,2024-05-16 19:39:49 +0200 CEST,2024-05-16T19:42:04+02:00,2024-05-16T19:42:05+02:00
deploy-test-176,deploy-test-176-85fd99c9b5-cclc4,2024-05-16T19:39:40+02:00,2024-05-16 19:39:49 +0200 CEST,2024-05-16 19:39:49 +0200 CEST,2024-05-16 19:39:50 +0200 CEST,2024-05-16 19:39:50 +0200 CEST,2024-05-16 19:39:50 +0200 CEST,2024-05-16T19:42:06+02:00,2024-05-16T19:42:08+02:00
deploy-test-296,deploy-test-296-7d8d45c856-zm9f7,2024-05-16T19:40:04+02:00,2024-05-16 19:40:16 +0200 CEST,2024-05-16 19:40:16 +0200 CEST,2024-05-16 19:40:24 +0200 CEST,2024-05-16 19:40:25 +0200 CEST,2024-05-16 19:40:25 +0200 CEST,2024-05-16T19:42:30+02:00,2024-05-16T19:42:32+02:00
deploy-test-7,deploy-test-7-df4d4fdb8-bhbf6,2024-05-16T19:39:07+02:00,2024-05-16 19:39:08 +0200 CEST,2024-05-16 19:39:08 +0200 CEST,2024-05-16 19:39:09 +0200 CEST,2024-05-16 19:39:09 +0200 CEST,2024-05-16 19:39:09 +0200 CEST,2024-05-16T19:41:34+02:00,2024-05-16T19:41:35+02:00
deploy-test-76,deploy-test-76-7799b87fd-fld2j,2024-05-16T19:39:20+02:00,2024-05-16 19:39:25 +0200 CEST,2024-05-16 19:39:25 +0200 CEST,2024-05-16 19:39:26 +0200 CEST,2024-05-16 19:39:26 +0200 CEST,2024-05-16 19:39:26 +0200 CEST,2024-05-16T19:41:46+02:00,2024-05-16T19:41:47+02:00
deploy-test-108,deploy-test-108-78bfd65f46-cpcnc,2024-05-16T19:39:27+02:00,2024-05-16 19:39:32 +0200 CEST,2024-05-16 19:39:32 +0200 CEST,2024-05-16 19:39:35 +0200 CEST,2024-05-16 19:39:35 +0200 CEST,2024-05-16 19:39:35 +0200 CEST,2024-05-16T19:41:53+02:00,2024-05-16T19:41:55+02:00
deploy-test-204,deploy-test-204-5d54fc8d8f-7n47h,2024-05-16T19:39:46+02:00,2024-05-16 19:39:55 +0200 CEST,2024-05-16 19:39:55 +0200 CEST,2024-05-16 19:40:01 +0200 CEST,2024-05-16 19:40:01 +0200 CEST,2024-05-16 19:40:01 +0200 CEST,2024-05-16T19:42:12+02:00,2024-05-16T19:42:13+02:00
deploy-test-225,deploy-test-225-6489d876d6-2mkzc,2024-05-16T19:39:50+02:00,2024-05-16 19:40:00 +0200 CEST,2024-05-16 19:40:00 +0200 CEST,2024-05-16 19:40:09 +0200 CEST,2024-05-16 19:40:09 +0200 CEST,2024-05-16 19:40:09 +0200 CEST,2024-05-16T19:42:16+02:00,2024-05-16T19:42:17+02:00
deploy-test-28,deploy-test-28-66d8f87c9f-sfsvq,2024-05-16T19:39:11+02:00,2024-05-16 19:39:13 +0200 CEST,2024-05-16 19:39:13 +0200 CEST,2024-05-16 19:39:14 +0200 CEST,2024-05-16 19:39:14 +0200 CEST,2024-05-16 19:39:14 +0200 CEST,2024-05-16T19:41:37+02:00,2024-05-16T19:41:38+02:00
deploy-test-154,deploy-test-154-54cd8b4b9-jqkv9,2024-05-16T19:39:36+02:00,2024-05-16 19:39:44 +0200 CEST,2024-05-16 19:39:44 +0200 CEST,2024-05-16 19:39:46 +0200 CEST,2024-05-16 19:39:46 +0200 CEST,2024-05-16 19:39:46 +0200 CEST,2024-05-16T19:42:02+02:00,2024-05-16T19:42:03+02:00
deploy-test-184,deploy-test-184-75bf7569d-26dl6,2024-05-16T19:39:42+02:00,2024-05-16 19:39:51 +0200 CEST,2024-05-16 19:39:51 +0200 CEST,2024-05-16 19:39:53 +0200 CEST,2024-05-16 19:39:54 +0200 CEST,2024-05-16 19:39:54 +0200 CEST,2024-05-16T19:42:08+02:00,2024-05-16T19:42:09+02:00
deploy-test-127,deploy-test-127-5f5fb8b475-kxz7j,2024-05-16T19:39:31+02:00,2024-05-16 19:39:37 +0200 CEST,2024-05-16 19:39:37 +0200 CEST,2024-05-16 19:39:38 +0200 CEST,2024-05-16 19:39:38 +0200 CEST,2024-05-16 19:39:38 +0200 CEST,2024-05-16T19:41:57+02:00,2024-05-16T19:41:58+02:00
deploy-test-129,deploy-test-129-59b8d44f97-kdcdp,2024-05-16T19:39:31+02:00,2024-05-16 19:39:37 +0200 CEST,2024-05-16 19:39:37 +0200 CEST,2024-05-16 19:39:40 +0200 CEST,2024-05-16 19:39:40 +0200 CEST,2024-05-16 19:39:40 +0200 CEST,2024-05-16T19:41:57+02:00,2024-05-16T19:41:59+02:00
deploy-test-87,deploy-test-87-8d7454478-rt2s5,2024-05-16T19:39:23+02:00,2024-05-16 19:39:27 +0200 CEST,2024-05-16 19:39:27 +0200 CEST,2024-05-16 19:39:29 +0200 CEST,2024-05-16 19:39:29 +0200 CEST,2024-05-16 19:39:29 +0200 CEST,2024-05-16T19:41:49+02:00,2024-05-16T19:41:51+02:00
deploy-test-250,deploy-test-250-7775979986-9ffjb,2024-05-16T19:39:55+02:00,2024-05-16 19:40:05 +0200 CEST,2024-05-16 19:40:05 +0200 CEST,2024-05-16 19:40:07 +0200 CEST,2024-05-16 19:40:07 +0200 CEST,2024-05-16 19:40:07 +0200 CEST,2024-05-16T19:42:21+02:00,2024-05-16T19:42:23+02:00
deploy-test-68,deploy-test-68-665b8d76bc-8l777,2024-05-16T19:39:19+02:00,2024-05-16 19:39:23 +0200 CEST,2024-05-16 19:39:23 +0200 CEST,2024-05-16 19:39:24 +0200 CEST,2024-05-16 19:39:24 +0200 CEST,2024-05-16 19:39:24 +0200 CEST,2024-05-16T19:41:45+02:00,2024-05-16T19:41:46+02:00
deploy-test-74,deploy-test-74-6b9594b79b-x6nz8,2024-05-16T19:39:20+02:00,2024-05-16 19:39:24 +0200 CEST,2024-05-16 19:39:24 +0200 CEST,2024-05-16 19:39:26 +0200 CEST,2024-05-16 19:39:27 +0200 CEST,2024-05-16 19:39:27 +0200 CEST,2024-05-16T19:41:46+02:00,2024-05-16T19:41:48+02:00
deploy-test-75,deploy-test-75-845d76fbd9-8tfrq,2024-05-16T19:39:20+02:00,2024-05-16 19:39:25 +0200 CEST,2024-05-16 19:39:25 +0200 CEST,2024-05-16 19:39:26 +0200 CEST,2024-05-16 19:39:26 +0200 CEST,2024-05-16 19:39:26 +0200 CEST,2024-05-16T19:41:46+02:00,2024-05-16T19:41:47+02:00
deploy-test-205,deploy-test-205-b655f688d-rrz6x,2024-05-16T19:39:46+02:00,2024-05-16 19:39:55 +0200 CEST,2024-05-16 19:39:55 +0200 CEST,2024-05-16 19:40:01 +0200 CEST,2024-05-16 19:40:01 +0200 CEST,2024-05-16 19:40:01 +0200 CEST,2024-05-16T19:42:12+02:00,2024-05-16T19:42:13+02:00
deploy-test-207,deploy-test-207-7c8fddb9c4-t4c45,2024-05-16T19:39:47+02:00,2024-05-16 19:39:56 +0200 CEST,2024-05-16 19:39:56 +0200 CEST,2024-05-16 19:40:02 +0200 CEST,2024-05-16 19:40:02 +0200 CEST,2024-05-16 19:40:02 +0200 CEST,2024-05-16T19:42:13+02:00,2024-05-16T19:42:14+02:00
deploy-test-252,deploy-test-252-78b57d5d64-hchh8,2024-05-16T19:39:56+02:00,2024-05-16 19:40:06 +0200 CEST,2024-05-16 19:40:06 +0200 CEST,2024-05-16 19:40:08 +0200 CEST,2024-05-16 19:40:08 +0200 CEST,2024-05-16 19:40:08 +0200 CEST,2024-05-16T19:42:22+02:00,2024-05-16T19:42:23+02:00
deploy-test-265,deploy-test-265-756c8777f4-njqpb,2024-05-16T19:39:58+02:00,2024-05-16 19:40:09 +0200 CEST,2024-05-16 19:40:09 +0200 CEST,2024-05-16 19:40:13 +0200 CEST,2024-05-16 19:40:13 +0200 CEST,2024-05-16 19:40:13 +0200 CEST,2024-05-16T19:42:24+02:00,2024-05-16T19:42:26+02:00
deploy-test-14,deploy-test-14-cb958f67d-dmxbr,2024-05-16T19:39:08+02:00,2024-05-16 19:39:09 +0200 CEST,2024-05-16 19:39:09 +0200 CEST,2024-05-16 19:39:10 +0200 CEST,2024-05-16 19:39:10 +0200 CEST,2024-05-16 19:39:10 +0200 CEST,2024-05-16T19:41:34+02:00,2024-05-16T19:41:35+02:00
deploy-test-32,deploy-test-32-5c464db8db-gvlbk,2024-05-16T19:39:12+02:00,2024-05-16 19:39:14 +0200 CEST,2024-05-16 19:39:14 +0200 CEST,2024-05-16 19:39:15 +0200 CEST,2024-05-16 19:39:16 +0200 CEST,2024-05-16 19:39:16 +0200 CEST,2024-05-16T19:41:38+02:00,2024-05-16T19:41:39+02:00
deploy-test-42,deploy-test-42-6d666d6847-pvl8p,2024-05-16T19:39:14+02:00,2024-05-16 19:39:17 +0200 CEST,2024-05-16 19:39:17 +0200 CEST,2024-05-16 19:39:18 +0200 CEST,2024-05-16 19:39:19 +0200 CEST,2024-05-16 19:39:19 +0200 CEST,2024-05-16T19:41:40+02:00,2024-05-16T19:41:41+02:00
deploy-test-289,deploy-test-289-76c67bc6d8-qswvr,2024-05-16T19:40:03+02:00,2024-05-16 19:40:15 +0200 CEST,2024-05-16 19:40:15 +0200 CEST,2024-05-16 19:40:21 +0200 CEST,2024-05-16 19:40:21 +0200 CEST,2024-05-16 19:40:21 +0200 CEST,2024-05-16T19:42:29+02:00,2024-05-16T19:42:31+02:00
deploy-test-36,deploy-test-36-b4f9fbbf4-58n6c,2024-05-16T19:39:12+02:00,2024-05-16 19:39:15 +0200 CEST,2024-05-16 19:39:15 +0200 CEST,2024-05-16 19:39:16 +0200 CEST,2024-05-16 19:39:16 +0200 CEST,2024-05-16 19:39:16 +0200 CEST,2024-05-16T19:41:39+02:00,2024-05-16T19:41:40+02:00
deploy-test-220,deploy-test-220-f864bd659-r9x8m,2024-05-16T19:39:49+02:00,2024-05-16 19:39:58 +0200 CEST,2024-05-16 19:39:58 +0200 CEST,2024-05-16 19:40:07 +0200 CEST,2024-05-16 19:40:08 +0200 CEST,2024-05-16 19:40:08 +0200 CEST,2024-05-16T19:42:15+02:00,2024-05-16T19:42:16+02:00
deploy-test-237,deploy-test-237-67f785d98c-hkbm9,2024-05-16T19:39:53+02:00,2024-05-16 19:40:02 +0200 CEST,2024-05-16 19:40:02 +0200 CEST,2024-05-16 19:40:13 +0200 CEST,2024-05-16 19:40:14 +0200 CEST,2024-05-16 19:40:14 +0200 CEST,2024-05-16T19:42:19+02:00,2024-05-16T19:42:20+02:00
deploy-test-180,deploy-test-180-8479d5fbcd-tm55p,2024-05-16T19:39:42+02:00,2024-05-16 19:39:50 +0200 CEST,2024-05-16 19:39:50 +0200 CEST,2024-05-16 19:39:51 +0200 CEST,2024-05-16 19:39:51 +0200 CEST,2024-05-16 19:39:51 +0200 CEST,2024-05-16T19:42:07+02:00,2024-05-16T19:42:09+02:00
deploy-test-194,deploy-test-194-cbb97d865-hn9nc,2024-05-16T19:39:44+02:00,2024-05-16 19:39:53 +0200 CEST,2024-05-16 19:39:53 +0200 CEST,2024-05-16 19:39:57 +0200 CEST,2024-05-16 19:39:57 +0200 CEST,2024-05-16 19:39:57 +0200 CEST,2024-05-16T19:42:10+02:00,2024-05-16T19:42:12+02:00
deploy-test-258,deploy-test-258-6c6dc5bb7d-p574m,2024-05-16T19:39:57+02:00,2024-05-16 19:40:07 +0200 CEST,2024-05-16 19:40:07 +0200 CEST,2024-05-16 19:40:10 +0200 CEST,2024-05-16 19:40:10 +0200 CEST,2024-05-16 19:40:10 +0200 CEST,2024-05-16T19:42:23+02:00,2024-05-16T19:42:24+02:00
deploy-test-15,deploy-test-15-755dfbc4b7-jqjxc,2024-05-16T19:39:08+02:00,2024-05-16 19:39:09 +0200 CEST,2024-05-16 19:39:09 +0200 CEST,2024-05-16 19:39:10 +0200 CEST,2024-05-16 19:39:10 +0200 CEST,2024-05-16 19:39:10 +0200 CEST,2024-05-16T19:41:34+02:00,2024-05-16T19:41:36+02:00
deploy-test-47,deploy-test-47-74bc68f67d-hgcw9,2024-05-16T19:39:15+02:00,2024-05-16 19:39:18 +0200 CEST,2024-05-16 19:39:18 +0200 CEST,2024-05-16 19:39:20 +0200 CEST,2024-05-16 19:39:20 +0200 CEST,2024-05-16 19:39:20 +0200 CEST,2024-05-16T19:41:41+02:00,2024-05-16T19:41:42+02:00
deploy-test-80,deploy-test-80-6bbfddbfc7-7gdkl,2024-05-16T19:39:21+02:00,2024-05-16 19:39:26 +0200 CEST,2024-05-16 19:39:26 +0200 CEST,2024-05-16 19:39:27 +0200 CEST,2024-05-16 19:39:27 +0200 CEST,2024-05-16 19:39:27 +0200 CEST,2024-05-16T19:41:47+02:00,2024-05-16T19:41:48+02:00
deploy-test-295,deploy-test-295-57b8b999d7-b6wnt,2024-05-16T19:40:04+02:00,2024-05-16 19:40:16 +0200 CEST,2024-05-16 19:40:16 +0200 CEST,2024-05-16 19:40:24 +0200 CEST,2024-05-16 19:40:25 +0200 CEST,2024-05-16 19:40:25 +0200 CEST,2024-05-16T19:42:30+02:00,2024-05-16T19:42:31+02:00
deploy-test-227,deploy-test-227-6f8758bc6d-tzdbp,2024-05-16T19:39:51+02:00,2024-05-16 19:40:00 +0200 CEST,2024-05-16 19:40:00 +0200 CEST,2024-05-16 19:40:10 +0200 CEST,2024-05-16 19:40:10 +0200 CEST,2024-05-16 19:40:10 +0200 CEST,2024-05-16T19:42:17+02:00,2024-05-16T19:42:18+02:00
deploy-test-41,deploy-test-41-76b48cb76d-7sgck,2024-05-16T19:39:13+02:00,2024-05-16 19:39:16 +0200 CEST,2024-05-16 19:39:16 +0200 CEST,2024-05-16 19:39:18 +0200 CEST,2024-05-16 19:39:18 +0200 CEST,2024-05-16 19:39:18 +0200 CEST,2024-05-16T19:41:39+02:00,2024-05-16T19:41:41+02:00
deploy-test-158,deploy-test-158-6f7c78fd97-zvwpq,2024-05-16T19:39:37+02:00,2024-05-16 19:39:44 +0200 CEST,2024-05-16 19:39:44 +0200 CEST,2024-05-16 19:39:45 +0200 CEST,2024-05-16 19:39:45 +0200 CEST,2024-05-16 19:39:45 +0200 CEST,2024-05-16T19:42:03+02:00,2024-05-16T19:42:04+02:00
deploy-test-219,deploy-test-219-79c6578ff-7h8wn,2024-05-16T19:39:49+02:00,2024-05-16 19:39:58 +0200 CEST,2024-05-16 19:39:58 +0200 CEST,2024-05-16 19:40:07 +0200 CEST,2024-05-16 19:40:07 +0200 CEST,2024-05-16 19:40:07 +0200 CEST,2024-05-16T19:42:15+02:00,2024-05-16T19:42:16+02:00
deploy-test-229,deploy-test-229-6b484d7cc8-hrmdw,2024-05-16T19:39:51+02:00,2024-05-16 19:40:00 +0200 CEST,2024-05-16 19:40:00 +0200 CEST,2024-05-16 19:40:11 +0200 CEST,2024-05-16 19:40:11 +0200 CEST,2024-05-16 19:40:11 +0200 CEST,2024-05-16T19:42:17+02:00,2024-05-16T19:42:18+02:00
deploy-test-291,deploy-test-291-5b4864b599-8nvbl,2024-05-16T19:40:03+02:00,2024-05-16 19:40:15 +0200 CEST,2024-05-16 19:40:15 +0200 CEST,2024-05-16 19:40:22 +0200 CEST,2024-05-16 19:40:23 +0200 CEST,2024-05-16 19:40:23 +0200 CEST,2024-05-16T19:42:29+02:00,2024-05-16T19:42:31+02:00
deploy-test-39,deploy-test-39-65dc89c7d5-jv2cc,2024-05-16T19:39:13+02:00,2024-05-16 19:39:16 +0200 CEST,2024-05-16 19:39:16 +0200 CEST,2024-05-16 19:39:17 +0200 CEST,2024-05-16 19:39:17 +0200 CEST,2024-05-16 19:39:17 +0200 CEST,2024-05-16T19:41:39+02:00,2024-05-16T19:41:40+02:00
deploy-test-124,deploy-test-124-694599fdb4-267wc,2024-05-16T19:39:30+02:00,2024-05-16 19:39:36 +0200 CEST,2024-05-16 19:39:36 +0200 CEST,2024-05-16 19:39:38 +0200 CEST,2024-05-16 19:39:38 +0200 CEST,2024-05-16 19:39:38 +0200 CEST,2024-05-16T19:41:56+02:00,2024-05-16T19:41:58+02:00
deploy-test-181,deploy-test-181-865c899ff-4896g,2024-05-16T19:39:42+02:00,2024-05-16 19:39:50 +0200 CEST,2024-05-16 19:39:50 +0200 CEST,2024-05-16 19:39:51 +0200 CEST,2024-05-16 19:39:51 +0200 CEST,2024-05-16 19:39:51 +0200 CEST,2024-05-16T19:42:07+02:00,2024-05-16T19:42:09+02:00
deploy-test-69,deploy-test-69-566cb888bb-fmrt5,2024-05-16T19:39:19+02:00,2024-05-16 19:39:23 +0200 CEST,2024-05-16 19:39:23 +0200 CEST,2024-05-16 19:39:25 +0200 CEST,2024-05-16 19:39:25 +0200 CEST,2024-05-16 19:39:25 +0200 CEST,2024-05-16T19:41:45+02:00,2024-05-16T19:41:46+02:00
deploy-test-114,deploy-test-114-66b455ffb9-mrx7d,2024-05-16T19:39:28+02:00,2024-05-16 19:39:34 +0200 CEST,2024-05-16 19:39:34 +0200 CEST,2024-05-16 19:39:35 +0200 CEST,2024-05-16 19:39:35 +0200 CEST,2024-05-16 19:39:35 +0200 CEST,2024-05-16T19:41:54+02:00,2024-05-16T19:41:55+02:00
deploy-test-292,deploy-test-292-7c89b6bb4d-kg97m,2024-05-16T19:40:04+02:00,2024-05-16 19:40:15 +0200 CEST,2024-05-16 19:40:15 +0200 CEST,2024-05-16 19:40:22 +0200 CEST,2024-05-16 19:40:23 +0200 CEST,2024-05-16 19:40:23 +0200 CEST,2024-05-16T19:42:30+02:00,2024-05-16T19:42:31+02:00
deploy-test-5,deploy-test-5-5c48bbdcdb-5dlls,2024-05-16T19:39:07+02:00,2024-05-16 19:39:07 +0200 CEST,2024-05-16 19:39:07 +0200 CEST,2024-05-16 19:39:10 +0200 CEST,2024-05-16 19:39:10 +0200 CEST,2024-05-16 19:39:10 +0200 CEST,2024-05-16T19:41:33+02:00,2024-05-16T19:41:35+02:00
deploy-test-52,deploy-test-52-7c578967fb-pxk8f,2024-05-16T19:39:16+02:00,2024-05-16 19:39:19 +0200 CEST,2024-05-16 19:39:19 +0200 CEST,2024-05-16 19:39:20 +0200 CEST,2024-05-16 19:39:20 +0200 CEST,2024-05-16 19:39:20 +0200 CEST,2024-05-16T19:41:42+02:00,2024-05-16T19:41:43+02:00
deploy-test-109,deploy-test-109-56b76b8875-lq87t,2024-05-16T19:39:27+02:00,2024-05-16 19:39:33 +0200 CEST,2024-05-16 19:39:33 +0200 CEST,2024-05-16 19:39:34 +0200 CEST,2024-05-16 19:39:34 +0200 CEST,2024-05-16 19:39:34 +0200 CEST,2024-05-16T19:41:53+02:00,2024-05-16T19:41:55+02:00
deploy-test-260,deploy-test-260-7d7bd4f4d7-h6vpq,2024-05-16T19:39:57+02:00,2024-05-16 19:40:08 +0200 CEST,2024-05-16 19:40:08 +0200 CEST,2024-05-16 19:40:11 +0200 CEST,2024-05-16 19:40:11 +0200 CEST,2024-05-16 19:40:11 +0200 CEST,2024-05-16T19:42:23+02:00,2024-05-16T19:42:26+02:00
deploy-test-9,deploy-test-9-5dd6b778-nn2s4,2024-05-16T19:39:08+02:00,2024-05-16 19:39:08 +0200 CEST,2024-05-16 19:39:08 +0200 CEST,2024-05-16 19:39:10 +0200 CEST,2024-05-16 19:39:11 +0200 CEST,2024-05-16 19:39:11 +0200 CEST,2024-05-16T19:41:34+02:00,2024-05-16T19:41:35+02:00
deploy-test-133,deploy-test-133-687bc8db68-rsj5w,2024-05-16T19:39:32+02:00,2024-05-16 19:39:38 +0200 CEST,2024-05-16 19:39:38 +0200 CEST,2024-05-16 19:39:40 +0200 CEST,2024-05-16 19:39:40 +0200 CEST,2024-05-16 19:39:40 +0200 CEST,2024-05-16T19:41:58+02:00,2024-05-16T19:41:59+02:00
deploy-test-177,deploy-test-177-5c77b4d596-gkkps,2024-05-16T19:39:41+02:00,2024-05-16 19:39:49 +0200 CEST,2024-05-16 19:39:49 +0200 CEST,2024-05-16 19:39:50 +0200 CEST,2024-05-16 19:39:51 +0200 CEST,2024-05-16 19:39:51 +0200 CEST,2024-05-16T19:42:07+02:00,2024-05-16T19:42:08+02:00
deploy-test-102,deploy-test-102-79b7949f44-snh7j,2024-05-16T19:39:26+02:00,2024-05-16 19:39:31 +0200 CEST,2024-05-16 19:39:31 +0200 CEST,2024-05-16 19:39:32 +0200 CEST,2024-05-16 19:39:33 +0200 CEST,2024-05-16 19:39:33 +0200 CEST,2024-05-16T19:41:52+02:00,2024-05-16T19:41:53+02:00
deploy-test-122,deploy-test-122-784587558-d6lxn,2024-05-16T19:39:30+02:00,2024-05-16 19:39:36 +0200 CEST,2024-05-16 19:39:36 +0200 CEST,2024-05-16 19:39:37 +0200 CEST,2024-05-16 19:39:37 +0200 CEST,2024-05-16 19:39:37 +0200 CEST,2024-05-16T19:41:56+02:00,2024-05-16T19:41:57+02:00
deploy-test-196,deploy-test-196-85f74bdfc9-tnr52,2024-05-16T19:39:44+02:00,2024-05-16 19:39:53 +0200 CEST,2024-05-16 19:39:53 +0200 CEST,2024-05-16 19:39:58 +0200 CEST,2024-05-16 19:39:58 +0200 CEST,2024-05-16 19:39:58 +0200 CEST,2024-05-16T19:42:10+02:00,2024-05-16T19:42:12+02:00
deploy-test-160,deploy-test-160-7946c749dd-dc7kv,2024-05-16T19:39:37+02:00,2024-05-16 19:39:45 +0200 CEST,2024-05-16 19:39:45 +0200 CEST,2024-05-16 19:39:47 +0200 CEST,2024-05-16 19:39:47 +0200 CEST,2024-05-16 19:39:47 +0200 CEST,2024-05-16T19:42:03+02:00,2024-05-16T19:42:04+02:00
deploy-test-202,deploy-test-202-6b588788cf-jsr67,2024-05-16T19:39:46+02:00,2024-05-16 19:39:55 +0200 CEST,2024-05-16 19:39:55 +0200 CEST,2024-05-16 19:40:00 +0200 CEST,2024-05-16 19:40:00 +0200 CEST,2024-05-16 19:40:00 +0200 CEST,2024-05-16T19:42:12+02:00,2024-05-16T19:42:13+02:00
deploy-test-223,deploy-test-223-5f67dffbcb-n2tfl,2024-05-16T19:39:50+02:00,2024-05-16 19:39:59 +0200 CEST,2024-05-16 19:39:59 +0200 CEST,2024-05-16 19:40:09 +0200 CEST,2024-05-16 19:40:09 +0200 CEST,2024-05-16 19:40:09 +0200 CEST,2024-05-16T19:42:16+02:00,2024-05-16T19:42:17+02:00
deploy-test-277,deploy-test-277-74fd48555f-dzsfj,2024-05-16T19:40:01+02:00,2024-05-16 19:40:12 +0200 CEST,2024-05-16 19:40:12 +0200 CEST,2024-05-16 19:40:17 +0200 CEST,2024-05-16 19:40:17 +0200 CEST,2024-05-16 19:40:17 +0200 CEST,2024-05-16T19:42:27+02:00,2024-05-16T19:42:28+02:00
deploy-test-72,deploy-test-72-8f44dfb54-8dr62,2024-05-16T19:39:20+02:00,2024-05-16 19:39:24 +0200 CEST,2024-05-16 19:39:24 +0200 CEST,2024-05-16 19:39:25 +0200 CEST,2024-05-16 19:39:26 +0200 CEST,2024-05-16 19:39:26 +0200 CEST,2024-05-16T19:41:46+02:00,2024-05-16T19:41:47+02:00
deploy-test-103,deploy-test-103-6dc44c7cc7-g4rgf,2024-05-16T19:39:26+02:00,2024-05-16 19:39:31 +0200 CEST,2024-05-16 19:39:31 +0200 CEST,2024-05-16 19:39:33 +0200 CEST,2024-05-16 19:39:33 +0200 CEST,2024-05-16 19:39:33 +0200 CEST,2024-05-16T19:41:52+02:00,2024-05-16T19:41:53+02:00
deploy-test-156,deploy-test-156-d777fdc75-w2k6p,2024-05-16T19:39:36+02:00,2024-05-16 19:39:44 +0200 CEST,2024-05-16 19:39:44 +0200 CEST,2024-05-16 19:39:45 +0200 CEST,2024-05-16 19:39:45 +0200 CEST,2024-05-16 19:39:45 +0200 CEST,2024-05-16T19:42:03+02:00,2024-05-16T19:42:04+02:00
deploy-test-25,deploy-test-25-db6597854-xljjj,2024-05-16T19:39:10+02:00,2024-05-16 19:39:12 +0200 CEST,2024-05-16 19:39:12 +0200 CEST,2024-05-16 19:39:14 +0200 CEST,2024-05-16 19:39:14 +0200 CEST,2024-05-16 19:39:14 +0200 CEST,2024-05-16T19:41:36+02:00,2024-05-16T19:41:38+02:00
deploy-test-31,deploy-test-31-5488f47c4f-nzvhd,2024-05-16T19:39:11+02:00,2024-05-16 19:39:14 +0200 CEST,2024-05-16 19:39:14 +0200 CEST,2024-05-16 19:39:15 +0200 CEST,2024-05-16 19:39:15 +0200 CEST,2024-05-16 19:39:15 +0200 CEST,2024-05-16T19:41:38+02:00,2024-05-16T19:41:39+02:00
deploy-test-152,deploy-test-152-9f7d8d59f-5rjc2,2024-05-16T19:39:36+02:00,2024-05-16 19:39:43 +0200 CEST,2024-05-16 19:39:43 +0200 CEST,2024-05-16 19:39:45 +0200 CEST,2024-05-16 19:39:45 +0200 CEST,2024-05-16 19:39:45 +0200 CEST,2024-05-16T19:42:02+02:00,2024-05-16T19:42:03+02:00
deploy-test-148,deploy-test-148-759ddb78d6-swlfm,2024-05-16T19:39:35+02:00,2024-05-16 19:39:42 +0200 CEST,2024-05-16 19:39:42 +0200 CEST,2024-05-16 19:39:43 +0200 CEST,2024-05-16 19:39:43 +0200 CEST,2024-05-16 19:39:43 +0200 CEST,2024-05-16T19:42:02+02:00,2024-05-16T19:42:03+02:00
deploy-test-221,deploy-test-221-7755b8d84b-ffs78,2024-05-16T19:39:49+02:00,2024-05-16 19:39:59 +0200 CEST,2024-05-16 19:39:59 +0200 CEST,2024-05-16 19:40:08 +0200 CEST,2024-05-16 19:40:08 +0200 CEST,2024-05-16 19:40:08 +0200 CEST,2024-05-16T19:42:15+02:00,2024-05-16T19:42:16+02:00
deploy-test-279,deploy-test-279-6b6bd86885-8z5c7,2024-05-16T19:40:01+02:00,2024-05-16 19:40:12 +0200 CEST,2024-05-16 19:40:12 +0200 CEST,2024-05-16 19:40:18 +0200 CEST,2024-05-16 19:40:18 +0200 CEST,2024-05-16 19:40:18 +0200 CEST,2024-05-16T19:42:27+02:00,2024-05-16T19:42:29+02:00
deploy-test-294,deploy-test-294-567df65466-j75r4,2024-05-16T19:40:04+02:00,2024-05-16 19:40:16 +0200 CEST,2024-05-16 19:40:16 +0200 CEST,2024-05-16 19:40:23 +0200 CEST,2024-05-16 19:40:23 +0200 CEST,2024-05-16 19:40:23 +0200 CEST,2024-05-16T19:42:30+02:00,2024-05-16T19:42:31+02:00
deploy-test-27,deploy-test-27-5dd7998b8d-9txtg,2024-05-16T19:39:11+02:00,2024-05-16 19:39:13 +0200 CEST,2024-05-16 19:39:13 +0200 CEST,2024-05-16 19:39:14 +0200 CEST,2024-05-16 19:39:14 +0200 CEST,2024-05-16 19:39:14 +0200 CEST,2024-05-16T19:41:37+02:00,2024-05-16T19:41:38+02:00
deploy-test-43,deploy-test-43-5fc8c9f886-zt5lz,2024-05-16T19:39:14+02:00,2024-05-16 19:39:17 +0200 CEST,2024-05-16 19:39:17 +0200 CEST,2024-05-16 19:39:18 +0200 CEST,2024-05-16 19:39:18 +0200 CEST,2024-05-16 19:39:18 +0200 CEST,2024-05-16T19:41:40+02:00,2024-05-16T19:41:41+02:00
deploy-test-89,deploy-test-89-54d6f4fb48-5m2xp,2024-05-16T19:39:23+02:00,2024-05-16 19:39:28 +0200 CEST,2024-05-16 19:39:28 +0200 CEST,2024-05-16 19:39:29 +0200 CEST,2024-05-16 19:39:29 +0200 CEST,2024-05-16 19:39:29 +0200 CEST,2024-05-16T19:41:49+02:00,2024-05-16T19:41:51+02:00
deploy-test-45,deploy-test-45-c66dc6984-8x4sq,2024-05-16T19:39:14+02:00,2024-05-16 19:39:17 +0200 CEST,2024-05-16 19:39:17 +0200 CEST,2024-05-16 19:39:19 +0200 CEST,2024-05-16 19:39:20 +0200 CEST,2024-05-16 19:39:20 +0200 CEST,2024-05-16T19:41:40+02:00,2024-05-16T19:41:41+02:00
deploy-test-242,deploy-test-242-7c9d9d56ff-4pt2l,2024-05-16T19:39:54+02:00,2024-05-16 19:40:03 +0200 CEST,2024-05-16 19:40:03 +0200 CEST,2024-05-16 19:40:15 +0200 CEST,2024-05-16 19:40:15 +0200 CEST,2024-05-16 19:40:15 +0200 CEST,2024-05-16T19:42:20+02:00,2024-05-16T19:42:21+02:00
deploy-test-11,deploy-test-11-689674f567-85q99,2024-05-16T19:39:08+02:00,2024-05-16 19:39:08 +0200 CEST,2024-05-16 19:39:08 +0200 CEST,2024-05-16 19:39:09 +0200 CEST,2024-05-16 19:39:09 +0200 CEST,2024-05-16 19:39:09 +0200 CEST,2024-05-16T19:41:34+02:00,2024-05-16T19:41:35+02:00
deploy-test-21,deploy-test-21-6f6844cf86-v5jqd,2024-05-16T19:39:09+02:00,2024-05-16 19:39:11 +0200 CEST,2024-05-16 19:39:11 +0200 CEST,2024-05-16 19:39:12 +0200 CEST,2024-05-16 19:39:12 +0200 CEST,2024-05-16 19:39:12 +0200 CEST,2024-05-16T19:41:35+02:00,2024-05-16T19:41:37+02:00
deploy-test-34,deploy-test-34-5df97579cb-clq8f,2024-05-16T19:39:12+02:00,2024-05-16 19:39:15 +0200 CEST,2024-05-16 19:39:15 +0200 CEST,2024-05-16 19:39:16 +0200 CEST,2024-05-16 19:39:16 +0200 CEST,2024-05-16 19:39:16 +0200 CEST,2024-05-16T19:41:38+02:00,2024-05-16T19:41:39+02:00
deploy-test-146,deploy-test-146-c8948f464-mwchj,2024-05-16T19:39:34+02:00,2024-05-16 19:39:42 +0200 CEST,2024-05-16 19:39:42 +0200 CEST,2024-05-16 19:39:43 +0200 CEST,2024-05-16 19:39:43 +0200 CEST,2024-05-16 19:39:43 +0200 CEST,2024-05-16T19:42:00+02:00,2024-05-16T19:42:02+02:00
deploy-test-151,deploy-test-151-74cc64ffdd-cqsqv,2024-05-16T19:39:35+02:00,2024-05-16 19:39:43 +0200 CEST,2024-05-16 19:39:43 +0200 CEST,2024-05-16 19:39:44 +0200 CEST,2024-05-16 19:39:45 +0200 CEST,2024-05-16 19:39:45 +0200 CEST,2024-05-16T19:42:02+02:00,2024-05-16T19:42:03+02:00
deploy-test-61,deploy-test-61-5d7648494b-j74ht,2024-05-16T19:39:17+02:00,2024-05-16 19:39:21 +0200 CEST,2024-05-16 19:39:22 +0200 CEST,2024-05-16 19:39:23 +0200 CEST,2024-05-16 19:39:23 +0200 CEST,2024-05-16 19:39:23 +0200 CEST,2024-05-16T19:41:44+02:00,2024-05-16T19:41:45+02:00
deploy-test-71,deploy-test-71-6448564669-29ktt,2024-05-16T19:39:19+02:00,2024-05-16 19:39:24 +0200 CEST,2024-05-16 19:39:24 +0200 CEST,2024-05-16 19:39:25 +0200 CEST,2024-05-16 19:39:26 +0200 CEST,2024-05-16 19:39:26 +0200 CEST,2024-05-16T19:41:45+02:00,2024-05-16T19:41:47+02:00
deploy-test-136,deploy-test-136-7dc85645fc-hqxfg,2024-05-16T19:39:32+02:00,2024-05-16 19:39:39 +0200 CEST,2024-05-16 19:39:39 +0200 CEST,2024-05-16 19:39:40 +0200 CEST,2024-05-16 19:39:41 +0200 CEST,2024-05-16 19:39:41 +0200 CEST,2024-05-16T19:41:59+02:00,2024-05-16T19:42:00+02:00
deploy-test-157,deploy-test-157-54dffc87b6-nbwb6,2024-05-16T19:39:37+02:00,2024-05-16 19:39:44 +0200 CEST,2024-05-16 19:39:44 +0200 CEST,2024-05-16 19:39:45 +0200 CEST,2024-05-16 19:39:45 +0200 CEST,2024-05-16 19:39:45 +0200 CEST,2024-05-16T19:42:03+02:00,2024-05-16T19:42:04+02:00
deploy-test-263,deploy-test-263-6fdf74949b-6ml9d,2024-05-16T19:39:58+02:00,2024-05-16 19:40:08 +0200 CEST,2024-05-16 19:40:08 +0200 CEST,2024-05-16 19:40:12 +0200 CEST,2024-05-16 19:40:12 +0200 CEST,2024-05-16 19:40:12 +0200 CEST,2024-05-16T19:42:24+02:00,2024-05-16T19:42:26+02:00
deploy-test-271,deploy-test-271-66b68d48f-pwds4,2024-05-16T19:39:59+02:00,2024-05-16 19:40:10 +0200 CEST,2024-05-16 19:40:10 +0200 CEST,2024-05-16 19:40:15 +0200 CEST,2024-05-16 19:40:15 +0200 CEST,2024-05-16 19:40:15 +0200 CEST,2024-05-16T19:42:25+02:00,2024-05-16T19:42:27+02:00
deploy-test-10,deploy-test-10-5d8d5c6cdb-br5zs,2024-05-16T19:39:08+02:00,2024-05-16 19:39:08 +0200 CEST,2024-05-16 19:39:08 +0200 CEST,2024-05-16 19:39:10 +0200 CEST,2024-05-16 19:39:10 +0200 CEST,2024-05-16 19:39:10 +0200 CEST,2024-05-16T19:41:34+02:00,2024-05-16T19:41:35+02:00
deploy-test-62,deploy-test-62-7f856647bf-lbthl,2024-05-16T19:39:18+02:00,2024-05-16 19:39:22 +0200 CEST,2024-05-16 19:39:22 +0200 CEST,2024-05-16 19:39:23 +0200 CEST,2024-05-16 19:39:24 +0200 CEST,2024-05-16 19:39:24 +0200 CEST,2024-05-16T19:41:44+02:00,2024-05-16T19:41:45+02:00
deploy-test-63,deploy-test-63-69dbbf9564-s8mz7,2024-05-16T19:39:18+02:00,2024-05-16 19:39:22 +0200 CEST,2024-05-16 19:39:22 +0200 CEST,2024-05-16 19:39:23 +0200 CEST,2024-05-16 19:39:23 +0200 CEST,2024-05-16 19:39:23 +0200 CEST,2024-05-16T19:41:44+02:00,2024-05-16T19:41:45+02:00
deploy-test-230,deploy-test-230-54f44db75b-drbfv,2024-05-16T19:39:51+02:00,2024-05-16 19:40:01 +0200 CEST,2024-05-16 19:40:01 +0200 CEST,2024-05-16 19:40:11 +0200 CEST,2024-05-16 19:40:11 +0200 CEST,2024-05-16 19:40:11 +0200 CEST,2024-05-16T19:42:17+02:00,2024-05-16T19:42:18+02:00
deploy-test-235,deploy-test-235-5dd448b869-bkr4q,2024-05-16T19:39:52+02:00,2024-05-16 19:40:02 +0200 CEST,2024-05-16 19:40:02 +0200 CEST,2024-05-16 19:40:13 +0200 CEST,2024-05-16 19:40:13 +0200 CEST,2024-05-16 19:40:13 +0200 CEST,2024-05-16T19:42:18+02:00,2024-05-16T19:42:19+02:00
deploy-test-40,deploy-test-40-5869b5dddf-rfvwq,2024-05-16T19:39:13+02:00,2024-05-16 19:39:16 +0200 CEST,2024-05-16 19:39:16 +0200 CEST,2024-05-16 19:39:17 +0200 CEST,2024-05-16 19:39:17 +0200 CEST,2024-05-16 19:39:17 +0200 CEST,2024-05-16T19:41:39+02:00,2024-05-16T19:41:40+02:00
deploy-test-56,deploy-test-56-5b79ff6f96-w7jln,2024-05-16T19:39:16+02:00,2024-05-16 19:39:20 +0200 CEST,2024-05-16 19:39:20 +0200 CEST,2024-05-16 19:39:21 +0200 CEST,2024-05-16 19:39:21 +0200 CEST,2024-05-16 19:39:21 +0200 CEST,2024-05-16T19:41:42+02:00,2024-05-16T19:41:43+02:00
deploy-test-138,deploy-test-138-64bb97bcc5-ktxv7,2024-05-16T19:39:33+02:00,2024-05-16 19:39:39 +0200 CEST,2024-05-16 19:39:39 +0200 CEST,2024-05-16 19:39:41 +0200 CEST,2024-05-16 19:39:42 +0200 CEST,2024-05-16 19:39:42 +0200 CEST,2024-05-16T19:41:59+02:00,2024-05-16T19:42:00+02:00
deploy-test-273,deploy-test-273-65d75fcd79-ssmmw,2024-05-16T19:40:00+02:00,2024-05-16 19:40:10 +0200 CEST,2024-05-16 19:40:10 +0200 CEST,2024-05-16 19:40:15 +0200 CEST,2024-05-16 19:40:15 +0200 CEST,2024-05-16 19:40:15 +0200 CEST,2024-05-16T19:42:26+02:00,2024-05-16T19:42:28+02:00
deploy-test-287,deploy-test-287-5675544f74-rjcw2,2024-05-16T19:40:03+02:00,2024-05-16 19:40:14 +0200 CEST,2024-05-16 19:40:14 +0200 CEST,2024-05-16 19:40:21 +0200 CEST,2024-05-16 19:40:22 +0200 CEST,2024-05-16 19:40:22 +0200 CEST,2024-05-16T19:42:29+02:00,2024-05-16T19:42:30+02:00
deploy-test-290,deploy-test-290-5db4cd5cdb-rlmdw,2024-05-16T19:40:03+02:00,2024-05-16 19:40:15 +0200 CEST,2024-05-16 19:40:15 +0200 CEST,2024-05-16 19:40:22 +0200 CEST,2024-05-16 19:40:22 +0200 CEST,2024-05-16 19:40:22 +0200 CEST,2024-05-16T19:42:29+02:00,2024-05-16T19:42:30+02:00
deploy-test-299,deploy-test-299-75cc88b559-48ngp,2024-05-16T19:40:05+02:00,2024-05-16 19:40:17 +0200 CEST,2024-05-16 19:40:17 +0200 CEST,2024-05-16 19:40:25 +0200 CEST,2024-05-16 19:40:26 +0200 CEST,2024-05-16 19:40:26 +0200 CEST,2024-05-16T19:42:31+02:00,2024-05-16T19:42:33+02:00
deploy-test-20,deploy-test-20-6b99c9487f-p2srl,2024-05-16T19:39:09+02:00,2024-05-16 19:39:11 +0200 CEST,2024-05-16 19:39:11 +0200 CEST,2024-05-16 19:39:12 +0200 CEST,2024-05-16 19:39:12 +0200 CEST,2024-05-16 19:39:12 +0200 CEST,2024-05-16T19:41:35+02:00,2024-05-16T19:41:36+02:00
deploy-test-33,deploy-test-33-5f4cc6c6dc-69q97,2024-05-16T19:39:12+02:00,2024-05-16 19:39:14 +0200 CEST,2024-05-16 19:39:14 +0200 CEST,2024-05-16 19:39:16 +0200 CEST,2024-05-16 19:39:16 +0200 CEST,2024-05-16 19:39:16 +0200 CEST,2024-05-16T19:41:38+02:00,2024-05-16T19:41:40+02:00
deploy-test-267,deploy-test-267-66dfc4bc84-bflth,2024-05-16T19:39:59+02:00,2024-05-16 19:40:09 +0200 CEST,2024-05-16 19:40:09 +0200 CEST,2024-05-16 19:40:13 +0200 CEST,2024-05-16 19:40:13 +0200 CEST,2024-05-16 19:40:13 +0200 CEST,2024-05-16T19:42:25+02:00,2024-05-16T19:42:27+02:00
deploy-test-117,deploy-test-117-6f5c746c86-j82x9,2024-05-16T19:39:29+02:00,2024-05-16 19:39:35 +0200 CEST,2024-05-16 19:39:35 +0200 CEST,2024-05-16 19:39:36 +0200 CEST,2024-05-16 19:39:36 +0200 CEST,2024-05-16 19:39:36 +0200 CEST,2024-05-16T19:41:55+02:00,2024-05-16T19:41:56+02:00
deploy-test-186,deploy-test-186-54c59d9dc6-bqjv2,2024-05-16T19:39:42+02:00,2024-05-16 19:39:51 +0200 CEST,2024-05-16 19:39:51 +0200 CEST,2024-05-16 19:39:53 +0200 CEST,2024-05-16 19:39:53 +0200 CEST,2024-05-16 19:39:53 +0200 CEST,2024-05-16T19:42:08+02:00,2024-05-16T19:42:10+02:00
deploy-test-214,deploy-test-214-7c9ccdcfc8-f8j7q,2024-05-16T19:39:48+02:00,2024-05-16 19:39:57 +0200 CEST,2024-05-16 19:39:57 +0200 CEST,2024-05-16 19:40:05 +0200 CEST,2024-05-16 19:40:05 +0200 CEST,2024-05-16 19:40:05 +0200 CEST,2024-05-16T19:42:14+02:00,2024-05-16T19:42:15+02:00
deploy-test-241,deploy-test-241-788ddc49d8-ctnnz,2024-05-16T19:39:53+02:00,2024-05-16 19:40:03 +0200 CEST,2024-05-16 19:40:03 +0200 CEST,2024-05-16 19:40:15 +0200 CEST,2024-05-16 19:40:15 +0200 CEST,2024-05-16 19:40:15 +0200 CEST,2024-05-16T19:42:19+02:00,2024-05-16T19:42:21+02:00
deploy-test-274,deploy-test-274-56fbc768d8-f2fhc,2024-05-16T19:40:00+02:00,2024-05-16 19:40:11 +0200 CEST,2024-05-16 19:40:11 +0200 CEST,2024-05-16 19:40:16 +0200 CEST,2024-05-16 19:40:16 +0200 CEST,2024-05-16 19:40:16 +0200 CEST,2024-05-16T19:42:26+02:00,2024-05-16T19:42:28+02:00
deploy-test-91,deploy-test-91-864466c767-mn28q,2024-05-16T19:39:23+02:00,2024-05-16 19:39:28 +0200 CEST,2024-05-16 19:39:28 +0200 CEST,2024-05-16 19:39:30 +0200 CEST,2024-05-16 19:39:30 +0200 CEST,2024-05-16 19:39:30 +0200 CEST,2024-05-16T19:41:50+02:00,2024-05-16T19:41:51+02:00
deploy-test-111,deploy-test-111-755496fd76-7pms8,2024-05-16T19:39:27+02:00,2024-05-16 19:39:33 +0200 CEST,2024-05-16 19:39:33 +0200 CEST,2024-05-16 19:39:35 +0200 CEST,2024-05-16 19:39:35 +0200 CEST,2024-05-16 19:39:35 +0200 CEST,2024-05-16T19:41:54+02:00,2024-05-16T19:41:55+02:00
deploy-test-128,deploy-test-128-86745fd996-6z6xf,2024-05-16T19:39:31+02:00,2024-05-16 19:39:37 +0200 CEST,2024-05-16 19:39:37 +0200 CEST,2024-05-16 19:39:38 +0200 CEST,2024-05-16 19:39:38 +0200 CEST,2024-05-16 19:39:38 +0200 CEST,2024-05-16T19:41:57+02:00,2024-05-16T19:41:58+02:00
deploy-test-191,deploy-test-191-65ffd6bf88-4r9zg,2024-05-16T19:39:44+02:00,2024-05-16 19:39:52 +0200 CEST,2024-05-16 19:39:52 +0200 CEST,2024-05-16 19:39:55 +0200 CEST,2024-05-16 19:39:55 +0200 CEST,2024-05-16 19:39:55 +0200 CEST,2024-05-16T19:42:09+02:00,2024-05-16T19:42:11+02:00
deploy-test-201,deploy-test-201-76d5954d48-s2nnc,2024-05-16T19:39:46+02:00,2024-05-16 19:39:54 +0200 CEST,2024-05-16 19:39:54 +0200 CEST,2024-05-16 19:40:00 +0200 CEST,2024-05-16 19:40:00 +0200 CEST,2024-05-16 19:40:00 +0200 CEST,2024-05-16T19:42:11+02:00,2024-05-16T19:42:12+02:00
deploy-test-88,deploy-test-88-6d865698f-rjbqb,2024-05-16T19:39:23+02:00,2024-05-16 19:39:27 +0200 CEST,2024-05-16 19:39:28 +0200 CEST,2024-05-16 19:39:29 +0200 CEST,2024-05-16 19:39:29 +0200 CEST,2024-05-16 19:39:29 +0200 CEST,2024-05-16T19:41:49+02:00,2024-05-16T19:41:51+02:00
deploy-test-106,deploy-test-106-58db48b89b-ffh67,2024-05-16T19:39:26+02:00,2024-05-16 19:39:32 +0200 CEST,2024-05-16 19:39:32 +0200 CEST,2024-05-16 19:39:33 +0200 CEST,2024-05-16 19:39:33 +0200 CEST,2024-05-16 19:39:33 +0200 CEST,2024-05-16T19:41:53+02:00,2024-05-16T19:41:54+02:00
deploy-test-112,deploy-test-112-6bc6779f4c-7w9tx,2024-05-16T19:39:28+02:00,2024-05-16 19:39:33 +0200 CEST,2024-05-16 19:39:33 +0200 CEST,2024-05-16 19:39:35 +0200 CEST,2024-05-16 19:39:35 +0200 CEST,2024-05-16 19:39:35 +0200 CEST,2024-05-16T19:41:54+02:00,2024-05-16T19:41:55+02:00
deploy-test-90,deploy-test-90-77d7c85958-74tnw,2024-05-16T19:39:23+02:00,2024-05-16 19:39:28 +0200 CEST,2024-05-16 19:39:28 +0200 CEST,2024-05-16 19:39:30 +0200 CEST,2024-05-16 19:39:30 +0200 CEST,2024-05-16 19:39:30 +0200 CEST,2024-05-16T19:41:49+02:00,2024-05-16T19:41:51+02:00
deploy-test-161,deploy-test-161-df8f9c657-wshg8,2024-05-16T19:39:37+02:00,2024-05-16 19:39:45 +0200 CEST,2024-05-16 19:39:45 +0200 CEST,2024-05-16 19:39:47 +0200 CEST,2024-05-16 19:39:47 +0200 CEST,2024-05-16 19:39:47 +0200 CEST,2024-05-16T19:42:04+02:00,2024-05-16T19:42:05+02:00
deploy-test-174,deploy-test-174-544b9ddb6c-ncf58,2024-05-16T19:39:40+02:00,2024-05-16 19:39:48 +0200 CEST,2024-05-16 19:39:48 +0200 CEST,2024-05-16 19:39:49 +0200 CEST,2024-05-16 19:39:49 +0200 CEST,2024-05-16 19:39:49 +0200 CEST,2024-05-16T19:42:06+02:00,2024-05-16T19:42:07+02:00
deploy-test-208,deploy-test-208-8665687d65-d6kk4,2024-05-16T19:39:47+02:00,2024-05-16 19:39:56 +0200 CEST,2024-05-16 19:39:56 +0200 CEST,2024-05-16 19:40:02 +0200 CEST,2024-05-16 19:40:02 +0200 CEST,2024-05-16 19:40:02 +0200 CEST,2024-05-16T19:42:13+02:00,2024-05-16T19:42:14+02:00
deploy-test-217,deploy-test-217-5bf7bfd7d5-s85zc,2024-05-16T19:39:49+02:00,2024-05-16 19:39:58 +0200 CEST,2024-05-16 19:39:58 +0200 CEST,2024-05-16 19:40:06 +0200 CEST,2024-05-16 19:40:06 +0200 CEST,2024-05-16 19:40:06 +0200 CEST,2024-05-16T19:42:15+02:00,2024-05-16T19:42:16+02:00
deploy-test-236,deploy-test-236-6b7bbdff98-7q82q,2024-05-16T19:39:52+02:00,2024-05-16 19:40:02 +0200 CEST,2024-05-16 19:40:02 +0200 CEST,2024-05-16 19:40:13 +0200 CEST,2024-05-16 19:40:13 +0200 CEST,2024-05-16 19:40:13 +0200 CEST,2024-05-16T19:42:18+02:00,2024-05-16T19:42:19+02:00
deploy-test-282,deploy-test-282-d7f49b7f-n56wn,2024-05-16T19:40:02+02:00,2024-05-16 19:40:13 +0200 CEST,2024-05-16 19:40:13 +0200 CEST,2024-05-16 19:40:19 +0200 CEST,2024-05-16 19:40:19 +0200 CEST,2024-05-16 19:40:19 +0200 CEST,2024-05-16T19:42:28+02:00,2024-05-16T19:42:29+02:00
deploy-test-29,deploy-test-29-9b548c4db-w2rpt,2024-05-16T19:39:11+02:00,2024-05-16 19:39:13 +0200 CEST,2024-05-16 19:39:13 +0200 CEST,2024-05-16 19:39:14 +0200 CEST,2024-05-16 19:39:14 +0200 CEST,2024-05-16 19:39:14 +0200 CEST,2024-05-16T19:41:37+02:00,2024-05-16T19:41:39+02:00
deploy-test-150,deploy-test-150-676d657cfc-7t8ck,2024-05-16T19:39:35+02:00,2024-05-16 19:39:42 +0200 CEST,2024-05-16 19:39:42 +0200 CEST,2024-05-16 19:39:44 +0200 CEST,2024-05-16 19:39:44 +0200 CEST,2024-05-16 19:39:44 +0200 CEST,2024-05-16T19:42:02+02:00,2024-05-16T19:42:03+02:00
deploy-test-183,deploy-test-183-694df9c889-5t8rz,2024-05-16T19:39:42+02:00,2024-05-16 19:39:50 +0200 CEST,2024-05-16 19:39:50 +0200 CEST,2024-05-16 19:39:52 +0200 CEST,2024-05-16 19:39:53 +0200 CEST,2024-05-16 19:39:53 +0200 CEST,2024-05-16T19:42:08+02:00,2024-05-16T19:42:09+02:00
deploy-test-116,deploy-test-116-7566f87987-vfss6,2024-05-16T19:39:28+02:00,2024-05-16 19:39:34 +0200 CEST,2024-05-16 19:39:34 +0200 CEST,2024-05-16 19:39:36 +0200 CEST,2024-05-16 19:39:37 +0200 CEST,2024-05-16 19:39:37 +0200 CEST,2024-05-16T19:41:55+02:00,2024-05-16T19:41:56+02:00
deploy-test-35,deploy-test-35-b489b57c-knln2,2024-05-16T19:39:12+02:00,2024-05-16 19:39:15 +0200 CEST,2024-05-16 19:39:15 +0200 CEST,2024-05-16 19:39:16 +0200 CEST,2024-05-16 19:39:16 +0200 CEST,2024-05-16 19:39:16 +0200 CEST,2024-05-16T19:41:38+02:00,2024-05-16T19:41:40+02:00
deploy-test-37,deploy-test-37-589c55fb95-fjjrc,2024-05-16T19:39:13+02:00,2024-05-16 19:39:15 +0200 CEST,2024-05-16 19:39:15 +0200 CEST,2024-05-16 19:39:16 +0200 CEST,2024-05-16 19:39:16 +0200 CEST,2024-05-16 19:39:16 +0200 CEST,2024-05-16T19:41:39+02:00,2024-05-16T19:41:40+02:00
deploy-test-59,deploy-test-59-5857654f6c-gq9br,2024-05-16T19:39:17+02:00,2024-05-16 19:39:21 +0200 CEST,2024-05-16 19:39:21 +0200 CEST,2024-05-16 19:39:22 +0200 CEST,2024-05-16 19:39:22 +0200 CEST,2024-05-16 19:39:22 +0200 CEST,2024-05-16T19:41:43+02:00,2024-05-16T19:41:44+02:00
deploy-test-147,deploy-test-147-7dd954766f-rwffs,2024-05-16T19:39:35+02:00,2024-05-16 19:39:42 +0200 CEST,2024-05-16 19:39:42 +0200 CEST,2024-05-16 19:39:44 +0200 CEST,2024-05-16 19:39:44 +0200 CEST,2024-05-16 19:39:44 +0200 CEST,2024-05-16T19:42:01+02:00,2024-05-16T19:42:03+02:00
deploy-test-172,deploy-test-172-55cbf6d585-dw4js,2024-05-16T19:39:40+02:00,2024-05-16 19:39:48 +0200 CEST,2024-05-16 19:39:48 +0200 CEST,2024-05-16 19:39:50 +0200 CEST,2024-05-16 19:39:51 +0200 CEST,2024-05-16 19:39:51 +0200 CEST,2024-05-16T19:42:06+02:00,2024-05-16T19:42:07+02:00
deploy-test-206,deploy-test-206-fcff64bbc-96z4f,2024-05-16T19:39:46+02:00,2024-05-16 19:39:55 +0200 CEST,2024-05-16 19:39:55 +0200 CEST,2024-05-16 19:40:01 +0200 CEST,2024-05-16 19:40:01 +0200 CEST,2024-05-16 19:40:01 +0200 CEST,2024-05-16T19:42:12+02:00,2024-05-16T19:42:13+02:00
deploy-test-210,deploy-test-210-69fb6b7bd6-pxdbk,2024-05-16T19:39:48+02:00,2024-05-16 19:39:56 +0200 CEST,2024-05-16 19:39:56 +0200 CEST,2024-05-16 19:40:03 +0200 CEST,2024-05-16 19:40:03 +0200 CEST,2024-05-16 19:40:03 +0200 CEST,2024-05-16T19:42:13+02:00,2024-05-16T19:42:15+02:00
deploy-test-244,deploy-test-244-5c6c695497-zq8qj,2024-05-16T19:39:54+02:00,2024-05-16 19:40:04 +0200 CEST,2024-05-16 19:40:04 +0200 CEST,2024-05-16 19:40:16 +0200 CEST,2024-05-16 19:40:16 +0200 CEST,2024-05-16 19:40:16 +0200 CEST,2024-05-16T19:42:20+02:00,2024-05-16T19:42:21+02:00
deploy-test-46,deploy-test-46-76c6df447f-76s72,2024-05-16T19:39:14+02:00,2024-05-16 19:39:17 +0200 CEST,2024-05-16 19:39:18 +0200 CEST,2024-05-16 19:39:19 +0200 CEST,2024-05-16 19:39:19 +0200 CEST,2024-05-16 19:39:19 +0200 CEST,2024-05-16T19:41:40+02:00,2024-05-16T19:41:42+02:00
deploy-test-142,deploy-test-142-dd87bc7bd-cxfvs,2024-05-16T19:39:34+02:00,2024-05-16 19:39:40 +0200 CEST,2024-05-16 19:39:40 +0200 CEST,2024-05-16 19:39:41 +0200 CEST,2024-05-16 19:39:42 +0200 CEST,2024-05-16 19:39:42 +0200 CEST,2024-05-16T19:42:00+02:00,2024-05-16T19:42:01+02:00
deploy-test-144,deploy-test-144-b59646c86-jn96r,2024-05-16T19:39:34+02:00,2024-05-16 19:39:41 +0200 CEST,2024-05-16 19:39:41 +0200 CEST,2024-05-16 19:39:42 +0200 CEST,2024-05-16 19:39:42 +0200 CEST,2024-05-16 19:39:42 +0200 CEST,2024-05-16T19:42:00+02:00,2024-05-16T19:42:02+02:00
deploy-test-248,deploy-test-248-6b54d5896f-w6gxz,2024-05-16T19:39:55+02:00,2024-05-16 19:40:05 +0200 CEST,2024-05-16 19:40:05 +0200 CEST,2024-05-16 19:40:18 +0200 CEST,2024-05-16 19:40:18 +0200 CEST,2024-05-16 19:40:18 +0200 CEST,2024-05-16T19:42:21+02:00,2024-05-16T19:42:22+02:00
deploy-test-51,deploy-test-51-587cc49cff-2lk5r,2024-05-16T19:39:15+02:00,2024-05-16 19:39:19 +0200 CEST,2024-05-16 19:39:19 +0200 CEST,2024-05-16 19:39:20 +0200 CEST,2024-05-16 19:39:20 +0200 CEST,2024-05-16 19:39:20 +0200 CEST,2024-05-16T19:41:41+02:00,2024-05-16T19:41:43+02:00
deploy-test-105,deploy-test-105-6549d5dff9-xwx6g,2024-05-16T19:39:26+02:00,2024-05-16 19:39:32 +0200 CEST,2024-05-16 19:39:32 +0200 CEST,2024-05-16 19:39:33 +0200 CEST,2024-05-16 19:39:34 +0200 CEST,2024-05-16 19:39:34 +0200 CEST,2024-05-16T19:41:52+02:00,2024-05-16T19:41:53+02:00
deploy-test-276,deploy-test-276-566b9cfd7d-8jvf8,2024-05-16T19:40:00+02:00,2024-05-16 19:40:11 +0200 CEST,2024-05-16 19:40:11 +0200 CEST,2024-05-16 19:40:17 +0200 CEST,2024-05-16 19:40:17 +0200 CEST,2024-05-16 19:40:17 +0200 CEST,2024-05-16T19:42:26+02:00,2024-05-16T19:42:28+02:00
deploy-test-198,deploy-test-198-5f9d7774d5-q7hk7,2024-05-16T19:39:45+02:00,2024-05-16 19:39:54 +0200 CEST,2024-05-16 19:39:54 +0200 CEST,2024-05-16 19:39:59 +0200 CEST,2024-05-16 19:39:59 +0200 CEST,2024-05-16 19:39:59 +0200 CEST,2024-05-16T19:42:11+02:00,2024-05-16T19:42:12+02:00
deploy-test-67,deploy-test-67-7bdb95c8d-ffbgk,2024-05-16T19:39:19+02:00,2024-05-16 19:39:23 +0200 CEST,2024-05-16 19:39:23 +0200 CEST,2024-05-16 19:39:25 +0200 CEST,2024-05-16 19:39:25 +0200 CEST,2024-05-16 19:39:25 +0200 CEST,2024-05-16T19:41:45+02:00,2024-05-16T19:41:46+02:00
deploy-test-104,deploy-test-104-76bd76cccd-qmlbq,2024-05-16T19:39:26+02:00,2024-05-16 19:39:31 +0200 CEST,2024-05-16 19:39:31 +0200 CEST,2024-05-16 19:39:33 +0200 CEST,2024-05-16 19:39:33 +0200 CEST,2024-05-16 19:39:33 +0200 CEST,2024-05-16T19:41:52+02:00,2024-05-16T19:41:53+02:00
deploy-test-155,deploy-test-155-6fc8d5f5d8-l5wvc,2024-05-16T19:39:36+02:00,2024-05-16 19:39:44 +0200 CEST,2024-05-16 19:39:44 +0200 CEST,2024-05-16 19:39:45 +0200 CEST,2024-05-16 19:39:46 +0200 CEST,2024-05-16 19:39:46 +0200 CEST,2024-05-16T19:42:02+02:00,2024-05-16T19:42:04+02:00
deploy-test-113,deploy-test-113-5d68d56f8b-778d2,2024-05-16T19:39:28+02:00,2024-05-16 19:39:34 +0200 CEST,2024-05-16 19:39:34 +0200 CEST,2024-05-16 19:39:35 +0200 CEST,2024-05-16 19:39:35 +0200 CEST,2024-05-16 19:39:35 +0200 CEST,2024-05-16T19:41:54+02:00,2024-05-16T19:41:55+02:00
deploy-test-171,deploy-test-171-6cc84b588b-49z6m,2024-05-16T19:39:39+02:00,2024-05-16 19:39:48 +0200 CEST,2024-05-16 19:39:48 +0200 CEST,2024-05-16 19:39:50 +0200 CEST,2024-05-16 19:39:50 +0200 CEST,2024-05-16 19:39:50 +0200 CEST,2024-05-16T19:42:05+02:00,2024-05-16T19:42:07+02:00
deploy-test-178,deploy-test-178-6578ffc6b7-nqk4t,2024-05-16T19:39:41+02:00,2024-05-16 19:39:49 +0200 CEST,2024-05-16 19:39:49 +0200 CEST,2024-05-16 19:39:50 +0200 CEST,2024-05-16 19:39:50 +0200 CEST,2024-05-16 19:39:50 +0200 CEST,2024-05-16T19:42:07+02:00,2024-05-16T19:42:08+02:00
deploy-test-164,deploy-test-164-5c897bc4d4-72qv8,2024-05-16T19:39:38+02:00,2024-05-16 19:39:46 +0200 CEST,2024-05-16 19:39:46 +0200 CEST,2024-05-16 19:39:48 +0200 CEST,2024-05-16 19:39:48 +0200 CEST,2024-05-16 19:39:48 +0200 CEST,2024-05-16T19:42:04+02:00,2024-05-16T19:42:05+02:00
deploy-test-24,deploy-test-24-559b979567-wzzrm,2024-05-16T19:39:10+02:00,2024-05-16 19:39:12 +0200 CEST,2024-05-16 19:39:12 +0200 CEST,2024-05-16 19:39:13 +0200 CEST,2024-05-16 19:39:14 +0200 CEST,2024-05-16 19:39:14 +0200 CEST,2024-05-16T19:41:36+02:00,2024-05-16T19:41:37+02:00
deploy-test-81,deploy-test-81-7d68d444b4-fndmr,2024-05-16T19:39:21+02:00,2024-05-16 19:39:26 +0200 CEST,2024-05-16 19:39:26 +0200 CEST,2024-05-16 19:39:27 +0200 CEST,2024-05-16 19:39:27 +0200 CEST,2024-05-16 19:39:27 +0200 CEST,2024-05-16T19:41:47+02:00,2024-05-16T19:41:49+02:00
deploy-test-130,deploy-test-130-69468d77c5-9h2v4,2024-05-16T19:39:31+02:00,2024-05-16 19:39:38 +0200 CEST,2024-05-16 19:39:38 +0200 CEST,2024-05-16 19:39:39 +0200 CEST,2024-05-16 19:39:40 +0200 CEST,2024-05-16 19:39:40 +0200 CEST,2024-05-16T19:41:57+02:00,2024-05-16T19:41:59+02:00
deploy-test-135,deploy-test-135-554b459578-5nrwb,2024-05-16T19:39:32+02:00,2024-05-16 19:39:39 +0200 CEST,2024-05-16 19:39:39 +0200 CEST,2024-05-16 19:39:40 +0200 CEST,2024-05-16 19:39:40 +0200 CEST,2024-05-16 19:39:40 +0200 CEST,2024-05-16T19:41:58+02:00,2024-05-16T19:42:00+02:00
deploy-test-17,deploy-test-17-847948fc69-4sqwb,2024-05-16T19:39:09+02:00,2024-05-16 19:39:10 +0200 CEST,2024-05-16 19:39:10 +0200 CEST,2024-05-16 19:39:11 +0200 CEST,2024-05-16 19:39:12 +0200 CEST,2024-05-16 19:39:12 +0200 CEST,2024-05-16T19:41:35+02:00,2024-05-16T19:41:36+02:00
deploy-test-18,deploy-test-18-774dd4ffcd-gf2tq,2024-05-16T19:39:09+02:00,2024-05-16 19:39:10 +0200 CEST,2024-05-16 19:39:10 +0200 CEST,2024-05-16 19:39:11 +0200 CEST,2024-05-16 19:39:11 +0200 CEST,2024-05-16 19:39:11 +0200 CEST,2024-05-16T19:41:35+02:00,2024-05-16T19:41:37+02:00
deploy-test-64,deploy-test-64-5f7bd98d8c-bkzjf,2024-05-16T19:39:18+02:00,2024-05-16 19:39:22 +0200 CEST,2024-05-16 19:39:22 +0200 CEST,2024-05-16 19:39:23 +0200 CEST,2024-05-16 19:39:23 +0200 CEST,2024-05-16 19:39:23 +0200 CEST,2024-05-16T19:41:44+02:00,2024-05-16T19:41:46+02:00
deploy-test-131,deploy-test-131-5bd64f8454-t9hwv,2024-05-16T19:39:31+02:00,2024-05-16 19:39:38 +0200 CEST,2024-05-16 19:39:38 +0200 CEST,2024-05-16 19:39:40 +0200 CEST,2024-05-16 19:39:41 +0200 CEST,2024-05-16 19:39:41 +0200 CEST,2024-05-16T19:41:57+02:00,2024-05-16T19:41:59+02:00
deploy-test-189,deploy-test-189-bb5dbc55-x7xm9,2024-05-16T19:39:43+02:00,2024-05-16 19:39:52 +0200 CEST,2024-05-16 19:39:52 +0200 CEST,2024-05-16 19:39:54 +0200 CEST,2024-05-16 19:39:54 +0200 CEST,2024-05-16 19:39:54 +0200 CEST,2024-05-16T19:42:09+02:00,2024-05-16T19:42:10+02:00
deploy-test-2,deploy-test-2-7df5989c69-q69dr,2024-05-16T19:39:07+02:00,2024-05-16 19:39:07 +0200 CEST,2024-05-16 19:39:07 +0200 CEST,2024-05-16 19:39:09 +0200 CEST,2024-05-16 19:39:09 +0200 CEST,2024-05-16 19:39:09 +0200 CEST,2024-05-16T19:41:33+02:00,2024-05-16T19:41:35+02:00
deploy-test-120,deploy-test-120-6dc78bc5bd-cpx4q,2024-05-16T19:39:29+02:00,2024-05-16 19:39:35 +0200 CEST,2024-05-16 19:39:35 +0200 CEST,2024-05-16 19:39:36 +0200 CEST,2024-05-16 19:39:36 +0200 CEST,2024-05-16 19:39:36 +0200 CEST,2024-05-16T19:41:55+02:00,2024-05-16T19:41:57+02:00
deploy-test-125,deploy-test-125-7dbd7d75df-pkccn,2024-05-16T19:39:30+02:00,2024-05-16 19:39:37 +0200 CEST,2024-05-16 19:39:37 +0200 CEST,2024-05-16 19:39:38 +0200 CEST,2024-05-16 19:39:38 +0200 CEST,2024-05-16 19:39:38 +0200 CEST,2024-05-16T19:41:56+02:00,2024-05-16T19:41:57+02:00
deploy-test-251,deploy-test-251-57f47db4c5-86b26,2024-05-16T19:39:55+02:00,2024-05-16 19:40:05 +0200 CEST,2024-05-16 19:40:06 +0200 CEST,2024-05-16 19:40:07 +0200 CEST,2024-05-16 19:40:07 +0200 CEST,2024-05-16 19:40:07 +0200 CEST,2024-05-16T19:42:21+02:00,2024-05-16T19:42:23+02:00
deploy-test-298,deploy-test-298-bd4bd4974-djwhv,2024-05-16T19:40:05+02:00,2024-05-16 19:40:17 +0200 CEST,2024-05-16 19:40:17 +0200 CEST,2024-05-16 19:40:25 +0200 CEST,2024-05-16 19:40:25 +0200 CEST,2024-05-16 19:40:25 +0200 CEST,2024-05-16T19:42:31+02:00,2024-05-16T19:42:32+02:00
deploy-test-30,deploy-test-30-7b96bcc4d8-bxwmv,2024-05-16T19:39:11+02:00,2024-05-16 19:39:13 +0200 CEST,2024-05-16 19:39:14 +0200 CEST,2024-05-16 19:39:15 +0200 CEST,2024-05-16 19:39:16 +0200 CEST,2024-05-16 19:39:16 +0200 CEST,2024-05-16T19:41:37+02:00,2024-05-16T19:41:39+02:00
deploy-test-96,deploy-test-96-6b97568fd4-bwxbw,2024-05-16T19:39:24+02:00,2024-05-16 19:39:29 +0200 CEST,2024-05-16 19:39:29 +0200 CEST,2024-05-16 19:39:31 +0200 CEST,2024-05-16 19:39:32 +0200 CEST,2024-05-16 19:39:32 +0200 CEST,2024-05-16T19:41:50+02:00,2024-05-16T19:41:52+02:00
deploy-test-98,deploy-test-98-7cf5f9cf98-6htlh,2024-05-16T19:39:25+02:00,2024-05-16 19:39:30 +0200 CEST,2024-05-16 19:39:30 +0200 CEST,2024-05-16 19:39:31 +0200 CEST,2024-05-16 19:39:31 +0200 CEST,2024-05-16 19:39:31 +0200 CEST,2024-05-16T19:41:51+02:00,2024-05-16T19:41:52+02:00
deploy-test-283,deploy-test-283-67f6b69666-t26s9,2024-05-16T19:40:02+02:00,2024-05-16 19:40:13 +0200 CEST,2024-05-16 19:40:13 +0200 CEST,2024-05-16 19:40:19 +0200 CEST,2024-05-16 19:40:19 +0200 CEST,2024-05-16 19:40:19 +0200 CEST,2024-05-16T19:42:28+02:00,2024-05-16T19:42:29+02:00
deploy-test-126,deploy-test-126-5d9b5cf46-2txmz,2024-05-16T19:39:30+02:00,2024-05-16 19:39:37 +0200 CEST,2024-05-16 19:39:37 +0200 CEST,2024-05-16 19:39:38 +0200 CEST,2024-05-16 19:39:39 +0200 CEST,2024-05-16 19:39:39 +0200 CEST,2024-05-16T19:41:56+02:00,2024-05-16T19:41:58+02:00
deploy-test-195,deploy-test-195-9b95cd448-q289w,2024-05-16T19:39:44+02:00,2024-05-16 19:39:53 +0200 CEST,2024-05-16 19:39:53 +0200 CEST,2024-05-16 19:39:58 +0200 CEST,2024-05-16 19:39:58 +0200 CEST,2024-05-16 19:39:58 +0200 CEST,2024-05-16T19:42:10+02:00,2024-05-16T19:42:11+02:00
deploy-test-261,deploy-test-261-74647676c8-hwjj6,2024-05-16T19:39:57+02:00,2024-05-16 19:40:08 +0200 CEST,2024-05-16 19:40:08 +0200 CEST,2024-05-16 19:40:11 +0200 CEST,2024-05-16 19:40:11 +0200 CEST,2024-05-16 19:40:11 +0200 CEST,2024-05-16T19:42:23+02:00,2024-05-16T19:42:26+02:00
deploy-test-192,deploy-test-192-699d9995b7-qsxml,2024-05-16T19:39:44+02:00,2024-05-16 19:39:52 +0200 CEST,2024-05-16 19:39:52 +0200 CEST,2024-05-16 19:39:55 +0200 CEST,2024-05-16 19:39:55 +0200 CEST,2024-05-16 19:39:55 +0200 CEST,2024-05-16T19:42:10+02:00,2024-05-16T19:42:11+02:00
deploy-test-269,deploy-test-269-786d97fc58-xmpbn,2024-05-16T19:39:59+02:00,2024-05-16 19:40:10 +0200 CEST,2024-05-16 19:40:10 +0200 CEST,2024-05-16 19:40:14 +0200 CEST,2024-05-16 19:40:14 +0200 CEST,2024-05-16 19:40:14 +0200 CEST,2024-05-16T19:42:25+02:00,2024-05-16T19:42:27+02:00
deploy-test-16,deploy-test-16-df8ff995b-h7s92,2024-05-16T19:39:08+02:00,2024-05-16 19:39:10 +0200 CEST,2024-05-16 19:39:10 +0200 CEST,2024-05-16 19:39:11 +0200 CEST,2024-05-16 19:39:11 +0200 CEST,2024-05-16 19:39:11 +0200 CEST,2024-05-16T19:41:35+02:00,2024-05-16T19:41:36+02:00
deploy-test-38,deploy-test-38-74697578cb-v2bdk,2024-05-16T19:39:13+02:00,2024-05-16 19:39:15 +0200 CEST,2024-05-16 19:39:15 +0200 CEST,2024-05-16 19:39:17 +0200 CEST,2024-05-16 19:39:17 +0200 CEST,2024-05-16 19:39:17 +0200 CEST,2024-05-16T19:41:39+02:00,2024-05-16T19:41:40+02:00
deploy-test-143,deploy-test-143-74c98dbb77-pp7kv,2024-05-16T19:39:34+02:00,2024-05-16 19:39:41 +0200 CEST,2024-05-16 19:39:41 +0200 CEST,2024-05-16 19:39:42 +0200 CEST,2024-05-16 19:39:42 +0200 CEST,2024-05-16 19:39:42 +0200 CEST,2024-05-16T19:42:00+02:00,2024-05-16T19:42:01+02:00
deploy-test-231,deploy-test-231-7b64dd745-8vlbn,2024-05-16T19:39:51+02:00,2024-05-16 19:40:01 +0200 CEST,2024-05-16 19:40:01 +0200 CEST,2024-05-16 19:40:11 +0200 CEST,2024-05-16 19:40:11 +0200 CEST,2024-05-16 19:40:11 +0200 CEST,2024-05-16T19:42:17+02:00,2024-05-16T19:42:18+02:00
deploy-test-238,deploy-test-238-77b5759856-skplf,2024-05-16T19:39:53+02:00,2024-05-16 19:40:03 +0200 CEST,2024-05-16 19:40:03 +0200 CEST,2024-05-16 19:40:14 +0200 CEST,2024-05-16 19:40:15 +0200 CEST,2024-05-16 19:40:15 +0200 CEST,2024-05-16T19:42:19+02:00,2024-05-16T19:42:21+02:00
deploy-test-134,deploy-test-134-5cdbf4d795-6zj8k,2024-05-16T19:39:32+02:00,2024-05-16 19:39:39 +0200 CEST,2024-05-16 19:39:39 +0200 CEST,2024-05-16 19:39:41 +0200 CEST,2024-05-16 19:39:41 +0200 CEST,2024-05-16 19:39:41 +0200 CEST,2024-05-16T19:41:58+02:00,2024-05-16T19:42:00+02:00
deploy-test-197,deploy-test-197-6548b9f594-sc2nw,2024-05-16T19:39:45+02:00,2024-05-16 19:39:53 +0200 CEST,2024-05-16 19:39:53 +0200 CEST,2024-05-16 19:39:58 +0200 CEST,2024-05-16 19:39:58 +0200 CEST,2024-05-16 19:39:58 +0200 CEST,2024-05-16T19:42:11+02:00,2024-05-16T19:42:12+02:00
deploy-test-218,deploy-test-218-68cb5576f4-hn7zv,2024-05-16T19:39:49+02:00,2024-05-16 19:39:58 +0200 CEST,2024-05-16 19:39:58 +0200 CEST,2024-05-16 19:40:07 +0200 CEST,2024-05-16 19:40:07 +0200 CEST,2024-05-16 19:40:07 +0200 CEST,2024-05-16T19:42:15+02:00,2024-05-16T19:42:16+02:00
deploy-test-288,deploy-test-288-78866775c-glf9x,2024-05-16T19:40:03+02:00,2024-05-16 19:40:14 +0200 CEST,2024-05-16 19:40:15 +0200 CEST,2024-05-16 19:40:21 +0200 CEST,2024-05-16 19:40:22 +0200 CEST,2024-05-16 19:40:22 +0200 CEST,2024-05-16T19:42:29+02:00,2024-05-16T19:42:30+02:00
deploy-test-58,deploy-test-58-7b5fcbd7fd-qdbnl,2024-05-16T19:39:17+02:00,2024-05-16 19:39:20 +0200 CEST,2024-05-16 19:39:20 +0200 CEST,2024-05-16 19:39:22 +0200 CEST,2024-05-16 19:39:23 +0200 CEST,2024-05-16 19:39:23 +0200 CEST,2024-05-16T19:41:43+02:00,2024-05-16T19:41:44+02:00
deploy-test-110,deploy-test-110-56c9bc67f7-82j9l,2024-05-16T19:39:27+02:00,2024-05-16 19:39:33 +0200 CEST,2024-05-16 19:39:33 +0200 CEST,2024-05-16 19:39:34 +0200 CEST,2024-05-16 19:39:34 +0200 CEST,2024-05-16 19:39:34 +0200 CEST,2024-05-16T19:41:53+02:00,2024-05-16T19:41:54+02:00
deploy-test-173,deploy-test-173-5974d6678d-8q5lp,2024-05-16T19:39:40+02:00,2024-05-16 19:39:48 +0200 CEST,2024-05-16 19:39:48 +0200 CEST,2024-05-16 19:39:49 +0200 CEST,2024-05-16 19:39:50 +0200 CEST,2024-05-16 19:39:50 +0200 CEST,2024-05-16T19:42:06+02:00,2024-05-16T19:42:07+02:00
deploy-test-13,deploy-test-13-766987756f-frw6q,2024-05-16T19:39:08+02:00,2024-05-16 19:39:09 +0200 CEST,2024-05-16 19:39:09 +0200 CEST,2024-05-16 19:39:10 +0200 CEST,2024-05-16 19:39:10 +0200 CEST,2024-05-16 19:39:10 +0200 CEST,2024-05-16T19:41:34+02:00,2024-05-16T19:41:36+02:00
deploy-test-19,deploy-test-19-fc9f66f67-wqlc7,2024-05-16T19:39:09+02:00,2024-05-16 19:39:10 +0200 CEST,2024-05-16 19:39:10 +0200 CEST,2024-05-16 19:39:11 +0200 CEST,2024-05-16 19:39:11 +0200 CEST,2024-05-16 19:39:11 +0200 CEST,2024-05-16T19:41:35+02:00,2024-05-16T19:41:37+02:00
deploy-test-86,deploy-test-86-54dc58b7c5-sh645,2024-05-16T19:39:22+02:00,2024-05-16 19:39:27 +0200 CEST,2024-05-16 19:39:27 +0200 CEST,2024-05-16 19:39:29 +0200 CEST,2024-05-16 19:39:29 +0200 CEST,2024-05-16 19:39:29 +0200 CEST,2024-05-16T19:41:49+02:00,2024-05-16T19:41:50+02:00
deploy-test-118,deploy-test-118-75c44896fc-m8m46,2024-05-16T19:39:29+02:00,2024-05-16 19:39:35 +0200 CEST,2024-05-16 19:39:35 +0200 CEST,2024-05-16 19:39:37 +0200 CEST,2024-05-16 19:39:37 +0200 CEST,2024-05-16 19:39:37 +0200 CEST,2024-05-16T19:41:55+02:00,2024-05-16T19:41:56+02:00
deploy-test-137,deploy-test-137-65dc49696-k8p8d,2024-05-16T19:39:33+02:00,2024-05-16 19:39:39 +0200 CEST,2024-05-16 19:39:39 +0200 CEST,2024-05-16 19:39:41 +0200 CEST,2024-05-16 19:39:41 +0200 CEST,2024-05-16 19:39:41 +0200 CEST,2024-05-16T19:41:59+02:00,2024-05-16T19:42:00+02:00
deploy-test-139,deploy-test-139-54ccbfcfc4-2b86l,2024-05-16T19:39:33+02:00,2024-05-16 19:39:40 +0200 CEST,2024-05-16 19:39:40 +0200 CEST,2024-05-16 19:39:41 +0200 CEST,2024-05-16 19:39:42 +0200 CEST,2024-05-16 19:39:42 +0200 CEST,2024-05-16T19:41:59+02:00,2024-05-16T19:42:00+02:00
deploy-test-145,deploy-test-145-6fbf4649bc-r4xbm,2024-05-16T19:39:34+02:00,2024-05-16 19:39:42 +0200 CEST,2024-05-16 19:39:42 +0200 CEST,2024-05-16 19:39:43 +0200 CEST,2024-05-16 19:39:43 +0200 CEST,2024-05-16 19:39:43 +0200 CEST,2024-05-16T19:42:00+02:00,2024-05-16T19:42:02+02:00
deploy-test-8,deploy-test-8-669d47464c-8x6bq,2024-05-16T19:39:07+02:00,2024-05-16 19:39:08 +0200 CEST,2024-05-16 19:39:08 +0200 CEST,2024-05-16 19:39:09 +0200 CEST,2024-05-16 19:39:09 +0200 CEST,2024-05-16 19:39:09 +0200 CEST,2024-05-16T19:41:34+02:00,2024-05-16T19:41:35+02:00
deploy-test-77,deploy-test-77-64bf9f696c-ptkh7,2024-05-16T19:39:21+02:00,2024-05-16 19:39:25 +0200 CEST,2024-05-16 19:39:25 +0200 CEST,2024-05-16 19:39:27 +0200 CEST,2024-05-16 19:39:28 +0200 CEST,2024-05-16 19:39:28 +0200 CEST,2024-05-16T19:41:47+02:00,2024-05-16T19:41:48+02:00
deploy-test-83,deploy-test-83-7bf8f97cd6-5wtsv,2024-05-16T19:39:22+02:00,2024-05-16 19:39:26 +0200 CEST,2024-05-16 19:39:26 +0200 CEST,2024-05-16 19:39:28 +0200 CEST,2024-05-16 19:39:29 +0200 CEST,2024-05-16 19:39:29 +0200 CEST,2024-05-16T19:41:48+02:00,2024-05-16T19:41:49+02:00
deploy-test-211,deploy-test-211-7fc956bf75-7vz8j,2024-05-16T19:39:48+02:00,2024-05-16 19:39:57 +0200 CEST,2024-05-16 19:39:57 +0200 CEST,2024-05-16 19:40:04 +0200 CEST,2024-05-16 19:40:04 +0200 CEST,2024-05-16 19:40:04 +0200 CEST,2024-05-16T19:42:13+02:00,2024-05-16T19:42:15+02:00
deploy-test-228,deploy-test-228-6c6fd5d779-4z7fj,2024-05-16T19:39:51+02:00,2024-05-16 19:40:00 +0200 CEST,2024-05-16 19:40:00 +0200 CEST,2024-05-16 19:40:10 +0200 CEST,2024-05-16 19:40:11 +0200 CEST,2024-05-16 19:40:11 +0200 CEST,2024-05-16T19:42:17+02:00,2024-05-16T19:42:18+02:00
deploy-test-253,deploy-test-253-674b8bdc77-pjvqg,2024-05-16T19:39:56+02:00,2024-05-16 19:40:06 +0200 CEST,2024-05-16 19:40:06 +0200 CEST,2024-05-16 19:40:08 +0200 CEST,2024-05-16 19:40:08 +0200 CEST,2024-05-16 19:40:08 +0200 CEST,2024-05-16T19:42:22+02:00,2024-05-16T19:42:24+02:00
deploy-test-222,deploy-test-222-ccd796c77-2jjmq,2024-05-16T19:39:50+02:00,2024-05-16 19:39:59 +0200 CEST,2024-05-16 19:39:59 +0200 CEST,2024-05-16 19:40:08 +0200 CEST,2024-05-16 19:40:08 +0200 CEST,2024-05-16 19:40:08 +0200 CEST,2024-05-16T19:42:16+02:00,2024-05-16T19:42:17+02:00
deploy-test-254,deploy-test-254-55f9f5cf8-sh28r,2024-05-16T19:39:56+02:00,2024-05-16 19:40:06 +0200 CEST,2024-05-16 19:40:06 +0200 CEST,2024-05-16 19:40:09 +0200 CEST,2024-05-16 19:40:09 +0200 CEST,2024-05-16 19:40:09 +0200 CEST,2024-05-16T19:42:22+02:00,2024-05-16T19:42:24+02:00
deploy-test-280,deploy-test-280-76d979b6f-vvpp4,2024-05-16T19:40:01+02:00,2024-05-16 19:40:12 +0200 CEST,2024-05-16 19:40:12 +0200 CEST,2024-05-16 19:40:18 +0200 CEST,2024-05-16 19:40:19 +0200 CEST,2024-05-16 19:40:19 +0200 CEST,2024-05-16T19:42:27+02:00,2024-05-16T19:42:29+02:00
deploy-test-66,deploy-test-66-84684bbbf7-t5hns,2024-05-16T19:39:18+02:00,2024-05-16 19:39:23 +0200 CEST,2024-05-16 19:39:23 +0200 CEST,2024-05-16 19:39:24 +0200 CEST,2024-05-16 19:39:24 +0200 CEST,2024-05-16 19:39:24 +0200 CEST,2024-05-16T19:41:44+02:00,2024-05-16T19:41:46+02:00
deploy-test-123,deploy-test-123-695b654b5f-wkjn7,2024-05-16T19:39:30+02:00,2024-05-16 19:39:36 +0200 CEST,2024-05-16 19:39:36 +0200 CEST,2024-05-16 19:39:37 +0200 CEST,2024-05-16 19:39:37 +0200 CEST,2024-05-16 19:39:37 +0200 CEST,2024-05-16T19:41:56+02:00,2024-05-16T19:41:57+02:00
deploy-test-149,deploy-test-149-d69fcb86c-67pxx,2024-05-16T19:39:35+02:00,2024-05-16 19:39:42 +0200 CEST,2024-05-16 19:39:42 +0200 CEST,2024-05-16 19:39:43 +0200 CEST,2024-05-16 19:39:43 +0200 CEST,2024-05-16 19:39:43 +0200 CEST,2024-05-16T19:42:02+02:00,2024-05-16T19:42:03+02:00
deploy-test-281,deploy-test-281-6997647784-mjhz5,2024-05-16T19:40:01+02:00,2024-05-16 19:40:13 +0200 CEST,2024-05-16 19:40:13 +0200 CEST,2024-05-16 19:40:19 +0200 CEST,2024-05-16 19:40:19 +0200 CEST,2024-05-16 19:40:19 +0200 CEST,2024-05-16T19:42:27+02:00,2024-05-16T19:42:29+02:00
deploy-test-100,deploy-test-100-857b55775d-gzcgd,2024-05-16T19:39:25+02:00,2024-05-16 19:39:31 +0200 CEST,2024-05-16 19:39:31 +0200 CEST,2024-05-16 19:39:32 +0200 CEST,2024-05-16 19:39:32 +0200 CEST,2024-05-16 19:39:32 +0200 CEST,2024-05-16T19:41:51+02:00,2024-05-16T19:41:53+02:00
deploy-test-121,deploy-test-121-5d985c7c6f-v6q94,2024-05-16T19:39:29+02:00,2024-05-16 19:39:36 +0200 CEST,2024-05-16 19:39:36 +0200 CEST,2024-05-16 19:39:37 +0200 CEST,2024-05-16 19:39:38 +0200 CEST,2024-05-16 19:39:38 +0200 CEST,2024-05-16T19:41:55+02:00,2024-05-16T19:41:56+02:00
deploy-test-179,deploy-test-179-8555449f4-g687s,2024-05-16T19:39:41+02:00,2024-05-16 19:39:49 +0200 CEST,2024-05-16 19:39:49 +0200 CEST,2024-05-16 19:39:51 +0200 CEST,2024-05-16 19:39:51 +0200 CEST,2024-05-16 19:39:51 +0200 CEST,2024-05-16T19:42:07+02:00,2024-05-16T19:42:08+02:00
deploy-test-57,deploy-test-57-78c788676f-xrhg5,2024-05-16T19:39:17+02:00,2024-05-16 19:39:20 +0200 CEST,2024-05-16 19:39:20 +0200 CEST,2024-05-16 19:39:22 +0200 CEST,2024-05-16 19:39:22 +0200 CEST,2024-05-16 19:39:22 +0200 CEST,2024-05-16T19:41:43+02:00,2024-05-16T19:41:44+02:00
deploy-test-94,deploy-test-94-78f4d95b74-4zts7,2024-05-16T19:39:24+02:00,2024-05-16 19:39:29 +0200 CEST,2024-05-16 19:39:29 +0200 CEST,2024-05-16 19:39:30 +0200 CEST,2024-05-16 19:39:30 +0200 CEST,2024-05-16 19:39:30 +0200 CEST,2024-05-16T19:41:50+02:00,2024-05-16T19:41:51+02:00
deploy-test-165,deploy-test-165-86498cbf7c-c7k5v,2024-05-16T19:39:38+02:00,2024-05-16 19:39:46 +0200 CEST,2024-05-16 19:39:46 +0200 CEST,2024-05-16 19:39:48 +0200 CEST,2024-05-16 19:39:48 +0200 CEST,2024-05-16 19:39:48 +0200 CEST,2024-05-16T19:42:04+02:00,2024-05-16T19:42:06+02:00
deploy-test-12,deploy-test-12-5478757db8-clr6m,2024-05-16T19:39:08+02:00,2024-05-16 19:39:08 +0200 CEST,2024-05-16 19:39:08 +0200 CEST,2024-05-16 19:39:10 +0200 CEST,2024-05-16 19:39:10 +0200 CEST,2024-05-16 19:39:10 +0200 CEST,2024-05-16T19:41:34+02:00,2024-05-16T19:41:35+02:00
deploy-test-26,deploy-test-26-9797bcb5-ppx2d,2024-05-16T19:39:10+02:00,2024-05-16 19:39:13 +0200 CEST,2024-05-16 19:39:13 +0200 CEST,2024-05-16 19:39:14 +0200 CEST,2024-05-16 19:39:14 +0200 CEST,2024-05-16 19:39:14 +0200 CEST,2024-05-16T19:41:36+02:00,2024-05-16T19:41:38+02:00
deploy-test-44,deploy-test-44-68544bb8b5-zjgnn,2024-05-16T19:39:14+02:00,2024-05-16 19:39:17 +0200 CEST,2024-05-16 19:39:17 +0200 CEST,2024-05-16 19:39:19 +0200 CEST,2024-05-16 19:39:19 +0200 CEST,2024-05-16 19:39:19 +0200 CEST,2024-05-16T19:41:40+02:00,2024-05-16T19:41:41+02:00
deploy-test-163,deploy-test-163-5c9ccd4cf5-l69q9,2024-05-16T19:39:38+02:00,2024-05-16 19:39:45 +0200 CEST,2024-05-16 19:39:45 +0200 CEST,2024-05-16 19:39:48 +0200 CEST,2024-05-16 19:39:48 +0200 CEST,2024-05-16 19:39:48 +0200 CEST,2024-05-16T19:42:04+02:00,2024-05-16T19:42:05+02:00
deploy-test-168,deploy-test-168-6dc97bbfd4-bw9zv,2024-05-16T19:39:39+02:00,2024-05-16 19:39:46 +0200 CEST,2024-05-16 19:39:46 +0200 CEST,2024-05-16 19:39:49 +0200 CEST,2024-05-16 19:39:49 +0200 CEST,2024-05-16 19:39:49 +0200 CEST,2024-05-16T19:42:05+02:00,2024-05-16T19:42:06+02:00
deploy-test-170,deploy-test-170-6949d47f87-bl6dd,2024-05-16T19:39:39+02:00,2024-05-16 19:39:47 +0200 CEST,2024-05-16 19:39:48 +0200 CEST,2024-05-16 19:39:49 +0200 CEST,2024-05-16 19:39:49 +0200 CEST,2024-05-16 19:39:49 +0200 CEST,2024-05-16T19:42:05+02:00,2024-05-16T19:42:06+02:00
deploy-test-203,deploy-test-203-96b468b98-rx6rj,2024-05-16T19:39:46+02:00,2024-05-16 19:39:55 +0200 CEST,2024-05-16 19:39:55 +0200 CEST,2024-05-16 19:40:00 +0200 CEST,2024-05-16 19:40:00 +0200 CEST,2024-05-16 19:40:00 +0200 CEST,2024-05-16T19:42:12+02:00,2024-05-16T19:42:13+02:00
deploy-test-239,deploy-test-239-79f5cc6cdf-rnr7w,2024-05-16T19:39:53+02:00,2024-05-16 19:40:03 +0200 CEST,2024-05-16 19:40:03 +0200 CEST,2024-05-16 19:40:14 +0200 CEST,2024-05-16 19:40:14 +0200 CEST,2024-05-16 19:40:14 +0200 CEST,2024-05-16T19:42:19+02:00,2024-05-16T19:42:20+02:00
deploy-test-22,deploy-test-22-576bdc8b7c-29jf6,2024-05-16T19:39:10+02:00,2024-05-16 19:39:11 +0200 CEST,2024-05-16 19:39:11 +0200 CEST,2024-05-16 19:39:12 +0200 CEST,2024-05-16 19:39:12 +0200 CEST,2024-05-16 19:39:12 +0200 CEST,2024-05-16T19:41:36+02:00,2024-05-16T19:41:37+02:00
deploy-test-82,deploy-test-82-5c97d48755-nn442,2024-05-16T19:39:22+02:00,2024-05-16 19:39:26 +0200 CEST,2024-05-16 19:39:26 +0200 CEST,2024-05-16 19:39:28 +0200 CEST,2024-05-16 19:39:28 +0200 CEST,2024-05-16 19:39:28 +0200 CEST,2024-05-16T19:41:48+02:00,2024-05-16T19:41:50+02:00
deploy-test-95,deploy-test-95-f5fcd544c-pqbgx,2024-05-16T19:39:24+02:00,2024-05-16 19:39:29 +0200 CEST,2024-05-16 19:39:29 +0200 CEST,2024-05-16 19:39:30 +0200 CEST,2024-05-16 19:39:30 +0200 CEST,2024-05-16 19:39:30 +0200 CEST,2024-05-16T19:41:50+02:00,2024-05-16T19:41:52+02:00
deploy-test-193,deploy-test-193-5477997cc4-jbrk5,2024-05-16T19:39:44+02:00,2024-05-16 19:39:53 +0200 CEST,2024-05-16 19:39:53 +0200 CEST,2024-05-16 19:39:57 +0200 CEST,2024-05-16 19:39:57 +0200 CEST,2024-05-16 19:39:57 +0200 CEST,2024-05-16T19:42:10+02:00,2024-05-16T19:42:12+02:00
deploy-test-249,deploy-test-249-f9d7bcbd4-9ntvh,2024-05-16T19:39:55+02:00,2024-05-16 19:40:05 +0200 CEST,2024-05-16 19:40:05 +0200 CEST,2024-05-16 19:40:18 +0200 CEST,2024-05-16 19:40:18 +0200 CEST,2024-05-16 19:40:18 +0200 CEST,2024-05-16T19:42:21+02:00,2024-05-16T19:42:22+02:00
deploy-test-255,deploy-test-255-c67c6d575-78pn8,2024-05-16T19:39:56+02:00,2024-05-16 19:40:06 +0200 CEST,2024-05-16 19:40:06 +0200 CEST,2024-05-16 19:40:09 +0200 CEST,2024-05-16 19:40:09 +0200 CEST,2024-05-16 19:40:09 +0200 CEST,2024-05-16T19:42:22+02:00,2024-05-16T19:42:24+02:00
deploy-test-256,deploy-test-256-7b44c445bd-d2d7k,2024-05-16T19:39:56+02:00,2024-05-16 19:40:07 +0200 CEST,2024-05-16 19:40:07 +0200 CEST,2024-05-16 19:40:09 +0200 CEST,2024-05-16 19:40:09 +0200 CEST,2024-05-16 19:40:09 +0200 CEST,2024-05-16T19:42:22+02:00,2024-05-16T19:42:24+02:00
deploy-test-257,deploy-test-257-58fbd9657c-wblws,2024-05-16T19:39:57+02:00,2024-05-16 19:40:07 +0200 CEST,2024-05-16 19:40:07 +0200 CEST,2024-05-16 19:40:10 +0200 CEST,2024-05-16 19:40:10 +0200 CEST,2024-05-16 19:40:10 +0200 CEST,2024-05-16T19:42:23+02:00,2024-05-16T19:42:24+02:00
deploy-test-65,deploy-test-65-5699fb5b74-bwlv7,2024-05-16T19:39:18+02:00,2024-05-16 19:39:22 +0200 CEST,2024-05-16 19:39:22 +0200 CEST,2024-05-16 19:39:24 +0200 CEST,2024-05-16 19:39:24 +0200 CEST,2024-05-16 19:39:24 +0200 CEST,2024-05-16T19:41:44+02:00,2024-05-16T19:41:46+02:00
deploy-test-70,deploy-test-70-7467857bb8-h5l99,2024-05-16T19:39:19+02:00,2024-05-16 19:39:23 +0200 CEST,2024-05-16 19:39:23 +0200 CEST,2024-05-16 19:39:25 +0200 CEST,2024-05-16 19:39:25 +0200 CEST,2024-05-16 19:39:25 +0200 CEST,2024-05-16T19:41:45+02:00,2024-05-16T19:41:46+02:00
deploy-test-92,deploy-test-92-7796c676fb-szw5q,2024-05-16T19:39:24+02:00,2024-05-16 19:39:29 +0200 CEST,2024-05-16 19:39:29 +0200 CEST,2024-05-16 19:39:30 +0200 CEST,2024-05-16 19:39:30 +0200 CEST,2024-05-16 19:39:30 +0200 CEST,2024-05-16T19:41:50+02:00,2024-05-16T19:41:51+02:00
deploy-test-285,deploy-test-285-c4b47dbd4-599zm,2024-05-16T19:40:02+02:00,2024-05-16 19:40:14 +0200 CEST,2024-05-16 19:40:14 +0200 CEST,2024-05-16 19:40:20 +0200 CEST,2024-05-16 19:40:20 +0200 CEST,2024-05-16 19:40:20 +0200 CEST,2024-05-16T19:42:28+02:00,2024-05-16T19:42:30+02:00
deploy-test-293,deploy-test-293-dcdb978df-kxnht,2024-05-16T19:40:04+02:00,2024-05-16 19:40:15 +0200 CEST,2024-05-16 19:40:15 +0200 CEST,2024-05-16 19:40:23 +0200 CEST,2024-05-16 19:40:24 +0200 CEST,2024-05-16 19:40:24 +0200 CEST,2024-05-16T19:42:30+02:00,2024-05-16T19:42:31+02:00
deploy-test-232,deploy-test-232-7879b886b6-m6wsf,2024-05-16T19:39:52+02:00,2024-05-16 19:40:01 +0200 CEST,2024-05-16 19:40:01 +0200 CEST,2024-05-16 19:40:12 +0200 CEST,2024-05-16 19:40:12 +0200 CEST,2024-05-16 19:40:12 +0200 CEST,2024-05-16T19:42:18+02:00,2024-05-16T19:42:19+02:00
deploy-test-233,deploy-test-233-5df477647f-8wqbd,2024-05-16T19:39:52+02:00,2024-05-16 19:40:01 +0200 CEST,2024-05-16 19:40:01 +0200 CEST,2024-05-16 19:40:12 +0200 CEST,2024-05-16 19:40:13 +0200 CEST,2024-05-16 19:40:13 +0200 CEST,2024-05-16T19:42:18+02:00,2024-05-16T19:42:19+02:00
deploy-test-259,deploy-test-259-bc6f97659-7fpgq,2024-05-16T19:39:57+02:00,2024-05-16 19:40:07 +0200 CEST,2024-05-16 19:40:07 +0200 CEST,2024-05-16 19:40:10 +0200 CEST,2024-05-16 19:40:10 +0200 CEST,2024-05-16 19:40:10 +0200 CEST,2024-05-16T19:42:23+02:00,2024-05-16T19:42:25+02:00
deploy-test-264,deploy-test-264-99b7b6cbc-wd45z,2024-05-16T19:39:58+02:00,2024-05-16 19:40:09 +0200 CEST,2024-05-16 19:40:09 +0200 CEST,2024-05-16 19:40:12 +0200 CEST,2024-05-16 19:40:12 +0200 CEST,2024-05-16 19:40:12 +0200 CEST,2024-05-16T19:42:24+02:00,2024-05-16T19:42:26+02:00
deploy-test-268,deploy-test-268-7c66f6586c-cjwkq,2024-05-16T19:39:59+02:00,2024-05-16 19:40:09 +0200 CEST,2024-05-16 19:40:09 +0200 CEST,2024-05-16 19:40:14 +0200 CEST,2024-05-16 19:40:14 +0200 CEST,2024-05-16 19:40:14 +0200 CEST,2024-05-16T19:42:25+02:00,2024-05-16T19:42:27+02:00
deploy-test-53,deploy-test-53-74644646bf-ssl8w,2024-05-16T19:39:16+02:00,2024-05-16 19:39:19 +0200 CEST,2024-05-16 19:39:19 +0200 CEST,2024-05-16 19:39:20 +0200 CEST,2024-05-16 19:39:20 +0200 CEST,2024-05-16 19:39:20 +0200 CEST,2024-05-16T19:41:42+02:00,2024-05-16T19:41:43+02:00
deploy-test-60,deploy-test-60-6b9686fdbc-dzpzb,2024-05-16T19:39:17+02:00,2024-05-16 19:39:21 +0200 CEST,2024-05-16 19:39:21 +0200 CEST,2024-05-16 19:39:22 +0200 CEST,2024-05-16 19:39:23 +0200 CEST,2024-05-16 19:39:23 +0200 CEST,2024-05-16T19:41:43+02:00,2024-05-16T19:41:44+02:00
deploy-test-199,deploy-test-199-564dd7c48-fxmzx,2024-05-16T19:39:45+02:00,2024-05-16 19:39:54 +0200 CEST,2024-05-16 19:39:54 +0200 CEST,2024-05-16 19:39:59 +0200 CEST,2024-05-16 19:39:59 +0200 CEST,2024-05-16 19:39:59 +0200 CEST,2024-05-16T19:42:11+02:00,2024-05-16T19:42:12+02:00
deploy-test-243,deploy-test-243-8445d96c4b-x4svg,2024-05-16T19:39:54+02:00,2024-05-16 19:40:04 +0200 CEST,2024-05-16 19:40:04 +0200 CEST,2024-05-16 19:40:16 +0200 CEST,2024-05-16 19:40:17 +0200 CEST,2024-05-16 19:40:17 +0200 CEST,2024-05-16T19:42:20+02:00,2024-05-16T19:42:21+02:00
deploy-test-262,deploy-test-262-556d5897cc-xvw4h,2024-05-16T19:39:58+02:00,2024-05-16 19:40:08 +0200 CEST,2024-05-16 19:40:08 +0200 CEST,2024-05-16 19:40:11 +0200 CEST,2024-05-16 19:40:11 +0200 CEST,2024-05-16 19:40:11 +0200 CEST,2024-05-16T19:42:24+02:00,2024-05-16T19:42:26+02:00
deploy-test-4,deploy-test-4-674dd49567-x8dwg,2024-05-16T19:39:07+02:00,2024-05-16 19:39:07 +0200 CEST,2024-05-16 19:39:07 +0200 CEST,2024-05-16 19:39:09 +0200 CEST,2024-05-16 19:39:09 +0200 CEST,2024-05-16 19:39:09 +0200 CEST,2024-05-16T19:41:33+02:00,2024-05-16T19:41:35+02:00
deploy-test-6,deploy-test-6-74d5f6f56f-qbbz2,2024-05-16T19:39:07+02:00,2024-05-16 19:39:07 +0200 CEST,2024-05-16 19:39:07 +0200 CEST,2024-05-16 19:39:09 +0200 CEST,2024-05-16 19:39:09 +0200 CEST,2024-05-16 19:39:09 +0200 CEST,2024-05-16T19:41:33+02:00,2024-05-16T19:41:35+02:00
deploy-test-240,deploy-test-240-768964f5cc-9b4zh,2024-05-16T19:39:53+02:00,2024-05-16 19:40:03 +0200 CEST,2024-05-16 19:40:03 +0200 CEST,2024-05-16 19:40:15 +0200 CEST,2024-05-16 19:40:15 +0200 CEST,2024-05-16 19:40:15 +0200 CEST,2024-05-16T19:42:19+02:00,2024-05-16T19:42:20+02:00
deploy-test-132,deploy-test-132-7cf56c7dc7-7fhrn,2024-05-16T19:39:32+02:00,2024-05-16 19:39:38 +0200 CEST,2024-05-16 19:39:38 +0200 CEST,2024-05-16 19:39:40 +0200 CEST,2024-05-16 19:39:40 +0200 CEST,2024-05-16 19:39:40 +0200 CEST,2024-05-16T19:41:58+02:00,2024-05-16T19:41:59+02:00
deploy-test-224,deploy-test-224-68cb859c5-px928,2024-05-16T19:39:50+02:00,2024-05-16 19:39:59 +0200 CEST,2024-05-16 19:39:59 +0200 CEST,2024-05-16 19:40:09 +0200 CEST,2024-05-16 19:40:10 +0200 CEST,2024-05-16 19:40:10 +0200 CEST,2024-05-16T19:42:16+02:00,2024-05-16T19:42:17+02:00
deploy-test-246,deploy-test-246-76998f8cf5-w5tb9,2024-05-16T19:39:54+02:00,2024-05-16 19:40:04 +0200 CEST,2024-05-16 19:40:04 +0200 CEST,2024-05-16 19:40:17 +0200 CEST,2024-05-16 19:40:17 +0200 CEST,2024-05-16 19:40:17 +0200 CEST,2024-05-16T19:42:20+02:00,2024-05-16T19:42:22+02:00
deploy-test-284,deploy-test-284-6779b4d7cc-fbl9c,2024-05-16T19:40:02+02:00,2024-05-16 19:40:13 +0200 CEST,2024-05-16 19:40:13 +0200 CEST,2024-05-16 19:40:20 +0200 CEST,2024-05-16 19:40:20 +0200 CEST,2024-05-16 19:40:20 +0200 CEST,2024-05-16T19:42:28+02:00,2024-05-16T19:42:30+02:00
deploy-test-141,deploy-test-141-67467b6b6c-xnvz2,2024-05-16T19:39:33+02:00,2024-05-16 19:39:40 +0200 CEST,2024-05-16 19:39:40 +0200 CEST,2024-05-16 19:39:41 +0200 CEST,2024-05-16 19:39:41 +0200 CEST,2024-05-16 19:39:41 +0200 CEST,2024-05-16T19:42:00+02:00,2024-05-16T19:42:01+02:00
deploy-test-159,deploy-test-159-84d6dfbcfb-lv84t,2024-05-16T19:39:37+02:00,2024-05-16 19:39:44 +0200 CEST,2024-05-16 19:39:44 +0200 CEST,2024-05-16 19:39:46 +0200 CEST,2024-05-16 19:39:47 +0200 CEST,2024-05-16 19:39:47 +0200 CEST,2024-05-16T19:42:03+02:00,2024-05-16T19:42:04+02:00
deploy-test-175,deploy-test-175-c5664bf58-hxdjf,2024-05-16T19:39:40+02:00,2024-05-16 19:39:48 +0200 CEST,2024-05-16 19:39:48 +0200 CEST,2024-05-16 19:39:50 +0200 CEST,2024-05-16 19:39:50 +0200 CEST,2024-05-16 19:39:50 +0200 CEST,2024-05-16T19:42:06+02:00,2024-05-16T19:42:07+02:00
deploy-test-190,deploy-test-190-77dfb4f789-79l2q,2024-05-16T19:39:43+02:00,2024-05-16 19:39:52 +0200 CEST,2024-05-16 19:39:52 +0200 CEST,2024-05-16 19:39:55 +0200 CEST,2024-05-16 19:39:55 +0200 CEST,2024-05-16 19:39:55 +0200 CEST,2024-05-16T19:42:09+02:00,2024-05-16T19:42:11+02:00
deploy-test-212,deploy-test-212-64c5645876-lbsvf,2024-05-16T19:39:48+02:00,2024-05-16 19:39:57 +0200 CEST,2024-05-16 19:39:57 +0200 CEST,2024-05-16 19:40:04 +0200 CEST,2024-05-16 19:40:04 +0200 CEST,2024-05-16 19:40:04 +0200 CEST,2024-05-16T19:42:14+02:00,2024-05-16T19:42:15+02:00
deploy-test-50,deploy-test-50-86db49fd58-dl8z2,2024-05-16T19:39:15+02:00,2024-05-16 19:39:19 +0200 CEST,2024-05-16 19:39:19 +0200 CEST,2024-05-16 19:39:20 +0200 CEST,2024-05-16 19:39:20 +0200 CEST,2024-05-16 19:39:20 +0200 CEST,2024-05-16T19:41:41+02:00,2024-05-16T19:41:42+02:00
deploy-test-79,deploy-test-79-5c58c8c88f-qpwsz,2024-05-16T19:39:21+02:00,2024-05-16 19:39:25 +0200 CEST,2024-05-16 19:39:26 +0200 CEST,2024-05-16 19:39:27 +0200 CEST,2024-05-16 19:39:27 +0200 CEST,2024-05-16 19:39:27 +0200 CEST,2024-05-16T19:41:47+02:00,2024-05-16T19:41:48+02:00
deploy-test-85,deploy-test-85-7fb855d84d-q7k8m,2024-05-16T19:39:22+02:00,2024-05-16 19:39:27 +0200 CEST,2024-05-16 19:39:27 +0200 CEST,2024-05-16 19:39:28 +0200 CEST,2024-05-16 19:39:29 +0200 CEST,2024-05-16 19:39:29 +0200 CEST,2024-05-16T19:41:48+02:00,2024-05-16T19:41:50+02:00
deploy-test-115,deploy-test-115-9c6f6b488-79thj,2024-05-16T19:39:28+02:00,2024-05-16 19:39:34 +0200 CEST,2024-05-16 19:39:34 +0200 CEST,2024-05-16 19:39:35 +0200 CEST,2024-05-16 19:39:35 +0200 CEST,2024-05-16 19:39:35 +0200 CEST,2024-05-16T19:41:54+02:00,2024-05-16T19:41:56+02:00
deploy-test-119,deploy-test-119-748f594cbd-2rktf,2024-05-16T19:39:29+02:00,2024-05-16 19:39:35 +0200 CEST,2024-05-16 19:39:35 +0200 CEST,2024-05-16 19:39:36 +0200 CEST,2024-05-16 19:39:36 +0200 CEST,2024-05-16 19:39:36 +0200 CEST,2024-05-16T19:41:55+02:00,2024-05-16T19:41:56+02:00
deploy-test-213,deploy-test-213-7c44cc556f-mq8b5,2024-05-16T19:39:48+02:00,2024-05-16 19:39:57 +0200 CEST,2024-05-16 19:39:57 +0200 CEST,2024-05-16 19:40:04 +0200 CEST,2024-05-16 19:40:04 +0200 CEST,2024-05-16 19:40:04 +0200 CEST,2024-05-16T19:42:14+02:00,2024-05-16T19:42:15+02:00
deploy-test-48,deploy-test-48-775fff5cf7-cjskr,2024-05-16T19:39:15+02:00,2024-05-16 19:39:18 +0200 CEST,2024-05-16 19:39:18 +0200 CEST,2024-05-16 19:39:20 +0200 CEST,2024-05-16 19:39:20 +0200 CEST,2024-05-16 19:39:20 +0200 CEST,2024-05-16T19:41:41+02:00,2024-05-16T19:41:42+02:00
deploy-test-54,deploy-test-54-785d6c86c8-mchdl,2024-05-16T19:39:16+02:00,2024-05-16 19:39:20 +0200 CEST,2024-05-16 19:39:20 +0200 CEST,2024-05-16 19:39:21 +0200 CEST,2024-05-16 19:39:22 +0200 CEST,2024-05-16 19:39:22 +0200 CEST,2024-05-16T19:41:42+02:00,2024-05-16T19:41:43+02:00
deploy-test-55,deploy-test-55-6699cb98f5-dgmlt,2024-05-16T19:39:16+02:00,2024-05-16 19:39:20 +0200 CEST,2024-05-16 19:39:20 +0200 CEST,2024-05-16 19:39:21 +0200 CEST,2024-05-16 19:39:22 +0200 CEST,2024-05-16 19:39:22 +0200 CEST,2024-05-16T19:41:42+02:00,2024-05-16T19:41:43+02:00
deploy-test-187,deploy-test-187-686b555565-rtzjz,2024-05-16T19:39:43+02:00,2024-05-16 19:39:51 +0200 CEST,2024-05-16 19:39:51 +0200 CEST,2024-05-16 19:39:54 +0200 CEST,2024-05-16 19:39:54 +0200 CEST,2024-05-16 19:39:54 +0200 CEST,2024-05-16T19:42:09+02:00,2024-05-16T19:42:10+02:00
